category,title,news_url,article_body
정치,[단독] 경찰 '위치정보' 무시한 탓에 전자발찌 차고도 '성범죄',https://news.naver.com/main/read.nhn?mode=LSD&mid=shm&sid1=100&oid=448&aid=0000308508,"




[앵커]오는 12월  만기 출소하는  조두순은 출소 뒤  전자발찌를  부착해야하죠. 그런데 전자발찌를 차고도 버젓이 성범죄를  저지르는 사례가 꾸준히 발생해 어찌된 일인지, 취재해봤습니다. 전자발찌를 채우는 건 위치정보를 파악하자는 건데, 일선 경찰들이  이를 활용하지 못하고 있었습니다.  경찰의 해명, 조정린 기자가  전하겠습니다. [리포트]출소 뒤 안산으로 돌아가겠다는 입장을 밝힌 조두순. 7년간 부착 명령을 받은 위치추적 전자발찌가 재범을 막을 대책 중 하나로 거론됩니다.정세균 / 국무총리 (지난달 18일 국회 예결위) ""관찰 및 감시를 철저하게 해서 문제가 없도록…"" 하지만 전자발찌를 찼다고 안심할 순 없습니다.  2017년, 전북 군산시 일대에서 16살 미성년자 추행과 몰카 범죄, 공연 음란 등 5건의 성범죄를 저지른 A씨. 같은 해 경북 칠곡에서 성폭행과 추행 등 2건의 성범죄를 저지른 B씨. 모두 전자발찌 착용자 였습니다.경찰 관계자 ""CCTV를 이틀 동안 열심히 분석해서 빨리 검거하려고""  경찰 매뉴얼엔 성폭력 수사의 경우 CCTV 확보와 함께 '전자발찌 부착자의 체류 또는 이동여부'를 함께 확인하게 돼있습니다. 하지만 경찰이 매뉴얼대로 위치 정보를 제대로 활용하지 않으면서 피의자 특정이 늦어졌습니다. 그 사이 전자발찌를 차고도 여러 차례 성범죄를 저지른 겁니다.김영배 / 더불어민주당 의원 ""일선 경찰들이 이렇게 업무의 원칙을 지키지 않는다면 제2, 제3의 조두순 범죄를 막지 못할 뿐만 아니라""  전자발찌 부착자의 재범은 올 상반기에만 30건에 이릅니다. 조두순 맞춤 대책 만이 아닌, 현재 있는 제도의 허점 정비도 시급해 보입니다. TV조선 조정린입니다.조정린 기자(dreamslin@chosun.com)☞ 네이버 메인에서 TV조선 구독하기☞ 더 많은 TV조선 뉴스 보기* 뉴스제보 : 이메일(tvchosun@chosun.com), 카카오톡(tv조선제보), 전화(1661-0190)- Copyrights ⓒ TV조선. 무단전재 및 재배포 금지 -
	
"
정치,국감 증인 채택 곳곳 충돌…강경화·정은경은 사과,https://news.naver.com/main/read.nhn?mode=LSD&mid=shm&sid1=100&oid=056&aid=0010912408,"




 [앵커]보신것처럼 오늘(7일) 국감에선 북한군에 의한 공무원 피살 사건, 또 추미애 법무장관 아들 논란이 첨예한 쟁점이 됐는데요.관련 증인 채택을 놓고 상임위 곳곳에서 여야가 충돌했습니다.김수연 기자입니다. [리포트] 공무원 피살사건과 추미애 장관 아들 논란,  두 쟁점이 겹친 국방위, 증인 채택 문제로 여야는 시작부터 맞섰습니다. [이채익/국민의힘 의원 : ""(피살당한) 아버지의 누명을 좀 벗겨 달라고 하는데 한 명도 지금 증인, 참고인 동의를 하지 못하겠다고 하면….""] [황희/더불어민주당 의원  : ""(증인이 나오면) 한미 간 공동 첩보자산인 SI에 대해서 노출을 안 시킬 수가 없잖아요.""] [황희/더불어민주당 의원 : ""(추 장관) 고발을 해서 검찰의 무혐의 처분을 받았으면 오히려 추미애 장관님께 사과를 하셔야 될 거 아닙니까?""] [하태경/국민의힘 의원 : ""국회 모독 발언이에요. 검찰은 검찰이고 국회는 국회지!""] 복지위에선 추 장관 아들의 무릎을 수술했던 의사가 불출석 사유서를 낸 데 대해 야당은  동행명령서 발부를 요구했고 여당은 정쟁을 그만하자고 받아쳤습니다. [김성주/더불어민주당 의원 : ""정쟁 국감 하지 마시고 정책 국감 합시다.""] [이종성/국민의힘 의원 : ""이게 왜 정책이 아닙니까! 상급병원 환자관리가 왜 정책이 아닙니까.""] 고위 공직자들은 현안에 대해 사과했습니다. 강경화 외교부 장관은 남편의 미국행 논란에 대해  ""경위를 떠나 송구스럽다""고 밝혔고, 정은경 질병관리청장은 백신 관리 문제를 사과했습니다. [정은경/질병관리청장 : ""인플루엔자 백신에 대한 유통 관리가 미흡해서 예방접종 일정이 지연되고 또 국민들께 큰 심려를 끼쳐드려서 송구하다는 말씀드리겠습니다.""] 과방위에선 민주당 윤영찬 의원이 공동대표로 있는 국회 연구단체가 논란이 됐습니다. 국민의힘 박대출 의원은 네이버가 이 단체를 통해 국회에 영향력을  행사하려 한다고 주장했고, 윤 의원은 동료 의원을 매도하는 모욕적 발언이라며 반박했습니다. KBS 뉴스 김수연입니다. 촬영기자:최연송 조영천/영상편집:최정연김수연 (sykbs@kbs.co.kr)▶ ‘코로나19 팩트체크’ 제대로 알아야 이긴다▶ 데이터로 본 아동학대…7년 간 무슨 일이? KBS 데이터룸▶ 더 빠르고 정확한 소식을 원하시면 KBS뉴스 구독!

"
정치,[앵커의 눈] 文 정부 첫 北 대사급 한국 망명…남북 관계 영향은?,https://news.naver.com/main/read.nhn?mode=LSD&mid=shm&sid1=100&oid=056&aid=0010912406,"




 [앵커]2년 전 이탈리아에서 돌연 자취를 감춘 북한 조성길 전 대사 대리.그동안 제3국 어딘가로 망명했을 걸로 추정됐는데, 어제(6일) 한 언론보도로 지난해 7월 부인과 함께 한국에 들어온 것으로 알려졌습니다.그리고 오늘(7일) 여러 관련 기관이 사실로 확인했습니다.하지만 당국은 1년 넘게 이 사실을  공개하지 않았습니다.조 대사 대리의 미성년 딸이 부모의 잠적 직후 북으로 송환됐고, 한국행 사실이 공개되면 딸의 신변이 불안해지기 때문입니다.김정은 국무위원장 집권 이후 대사급 외교관의 한국행이 확인된 건 이번이 처음입니다.북한은 그동안 고위급의 한국행에 민감하게 반응해왔는데요.이번 일이 남북관계에는 어떤 영향을 미칠지 이효용 기자가 보도합니다. [리포트] 김정은 위원장 집권 이후 가장 고위급 외교관 망명 사례는 태영호 전 주영 공사로 알려져 있습니다. 조성길 전 대사대리의 경우 직급에서는 1등 서기관으로 태 전 공사보다 낮습니다. 하지만 문재인 정부 출범 이후 첫 대사급 망명이라는 점에서 민감성은 무시할 수 없습니다. 1년이 넘도록 망명 사실이 기밀로 유지된 이유 중 하나입니다. 정보당국이 여전히 함구하는 가운데  더불어민주당 소속 전해철 국회 정보위원장은 ""조 전 대사대리가 지난 7월 입국 전 수차례 한국행 의사를 자발적으로 밝혔다""고 말했습니다. 망명을 정부가 주도적으로 기획한 것이 아니라는 점을 강조하려는 의도로 해석됩니다. 문 대통령이 종전선언을 제안한 가운데 공무원 피살사건이 발생하고, 북한이 사과 통지문을 보내는 등 남북관계의 변동성이 큰 상황에서 이번 사건이 악재로 작용할 수 있다는 우려를 의식한 것으로 보입니다. 하지만 한국행을 밝히고 북한 체제 비판에 적극적으로 나섰던 태 전 공사 경우와 달리 이번 일이 미치는 영향은 제한적일 것이라는 전망도 많습니다. [임을출/경남대 극동문제연구소 교수 : ""우리 정부가 (망명을) 의도적으로 기획한 것으로 확인되거나 (조성길 전 대사대리가) 북한을 추가적으로 자극할 만한 언행을 하지 않는 한 북한 당국이 크게 문제 삼지는 않을 것으로 보입니다.""] 태 전 공사는  아직 북한에 있는 조 대사대리의 딸이 위험하다며  관심 자제를 부탁했습니다. 강경화 외교부 장관도  오늘 국감에서  한국행에 대해 외교부 역할은 충분히 했지만,  상세한 내용은 말씀드리기 곤란하다고 파장이 확산하는 것을 경계했습니다. KBS 뉴스 이효용입니다. 영상편집:김태형/그래픽:김현석이효용 (utility@kbs.co.kr)▶ ‘코로나19 팩트체크’ 제대로 알아야 이긴다▶ 데이터로 본 아동학대…7년 간 무슨 일이? KBS 데이터룸▶ 더 빠르고 정확한 소식을 원하시면 KBS뉴스 구독!

"
정치,수상한 탈세 처벌…‘세무사 전관예우 금지법’ 지지부진,https://news.naver.com/main/read.nhn?mode=LSD&mid=shm&sid1=100&oid=056&aid=0010912405,"




 [앵커]이런 '전관예우', 실제로 어떻게 작동할까요?수십억대 탈세를 했는데 서류상의 대표만 처벌받고 사실상의 실소유주는 빠져나간 일이 있었습니다.국세청 간부 출신 세무사가 관여됐다는 주장이 나왔습니다.'전관예우' 덕이라는 겁니다.국세청의 '전관예우'를 막는 장치를 마련하자는 논의, 20대 국회부터 계속되고 있는데 지지부진합니다.조태흠 기자입니다. [리포트] 2018년 한 전자담배 업체 대표는 20억대 매출을 누락한 혐의 등으로 유죄 판결을 받습니다. 판결문에는 업체 운영자를 결정할 수 있고 매출의 70%를 가져간다는 A씨가 등장합니다. 사실상 실소유주로 추정되지만 기소되지 않았습니다. 탈세 사건 고발 권한을 가진 세무 당국이 처음부터  고발 대상에 포함하지 않았기 때문입니다. [김청식/세무사 : ""좀 비정상인 것 같아요. 30%의 수입을 가져간 사람은 위반이고, 70%를 가져간 사람은 위반이 아니라는 이런 논리가 되는데…""] 배경에 '국세청 전관예우'가 있었다는 주장이 제기됩니다. 국세청 간부 출신 세무사가 당시 탈세 조사를 하던 세무서의 고위 간부를 찾아가 부탁했다는 것입니다. [사건 관계자/음성변조 : ""'이런 건 좀 알아서 영향을 미치지 않게 잘 해달라'라고 하니까, (세무서 간부가) '당연히 잘 알아서 해드려야죠 선배님' 이런 식으로 얘기를 했었고, 그 다음에 바로 담당자를 불러서 (얘기했다고 들었습니다).""] 법조계 전관예우처럼 국세청도 전관예우를 막기 위한 법안은 20대 국회에서 이미 논의됐습니다.5급 이상 세무공무원은 퇴직 전 1년간 근무한 곳의 사건을 퇴직 뒤 1년간 맡지 못하게 하자는 것.  하지만 제한이 지나치다는 등의 반론 속에 임기 만료로 폐기됐고, 같은 내용의 법안이 21대 국회에서 다시 발의됐습니다. [김경협/더불어민주당 의원 : ""전관예우가 아니라 전관 특혜죠. 전관 문제에 대한 취업제한을 훨씬 더 강화시켜야 될 것 같고요. 부조리에 대한 처벌도 대단히 강화시키는 입법이…""] 한편, A씨 등은 그런 일이 없었다거나, 정상적 업무처리를 했을 뿐 '전관예우 봐주기'는 없었다고 밝혔습니다. KBS 뉴스 조태흠입니다. 촬영기자:허용석 최원석/영상편집:양다운/그래픽:안재우조태흠 (jotem@kbs.co.kr)▶ ‘코로나19 팩트체크’ 제대로 알아야 이긴다▶ 데이터로 본 아동학대…7년 간 무슨 일이? KBS 데이터룸▶ 더 빠르고 정확한 소식을 원하시면 KBS뉴스 구독!

"
정치,"[앵커의 눈] “공정위, 퇴직자에 유리한 검토 의견 제출”…감시 강화해야",https://news.naver.com/main/read.nhn?mode=LSD&mid=shm&sid1=100&oid=056&aid=0010912404,"




 [앵커]퇴직 공무원들이 취업을 하려면 공직자윤리위원회의 승인을 받거나 퇴직하고 3년이 지나야 합니다.그런데 공정위가 로펌에 재취업할 수 있도록 퇴직 공무원에 유리한 의견서를 공직자윤리위에 제출했다는 비판이 제기되고 있습니다.계현우 기자가 보도합니다. [리포트] 지난 1월  공정위의 서기관 한 명이 퇴직합니다. 그는 한 달 만에 김앤장 전문위원으로 취업했습니다. 공직자윤리위원회의 심사도 거쳤습니다. 당시 공정위는 서기관이 김앤장과 관련된 사건을 맡지 않았다는 등의 이유로 취업에 문제가 없다는 의견서를 윤리위에 전달했습니다. 그러나 공정위 출입기록을 보면 2018년 해당 서기관이  과장으로 있던 부서에 김앤장이 18차례나  출입한 것으로 돼 있습니다. 공정위는 송무를 담당하던 사무관이 로펌으로 옮길 때도 직급이 5급이어서 영향력을 행사할 위치에 있지 않다는 의견을 제시했습니다. [이은미/참여연대 행정감시센터 팀장  : ""(심사는) 공직자의 직무, 그러니까 공직자의 업무의 공정성 확보를 하기 위한 것이기 때문에 사실상 그 취업 제한 심사는 엄격히 이뤄질 필요가 있다고 저희는 생각하고 있어요.""] 노대래 전 공정위원장은 로펌에 취업한 퇴직자들이  이해충돌 행위를 할 수 있다고 우려했지만 정작 본인은 현재 법무법인 세종의 고문입니다. 로펌에 있는 전직 공무원들은 이번에 확인된 숫자 외에 더 있을 가능성이 높습니다, 로펌들이 법조윤리협의회에 자발적으로 보고한 숫자이기 때문입니다. 고문이나 전문위원으로 있는 경우는 변호사법의 규제를 받는 신분 규정에서도 빠집니다. [박용진/국회 정무위원/더불어민주당 : ""전직 관료들의 재취업 심사 그리고 현직관료들과의 연관, 로비를 차단하기 위해서 보다 엄정한 룰들이 적용돼야 될 필요가 있다고 생각을 합니다.""] 공정위의 경우 퇴직 공무원과 사적접촉을 금지하고 있지만 지난 3년간 사적접촉이 적발된 것은  1건에 불과합니다. KBS 뉴스 계현우입니다. 촬영기자:임동수/영상편집:김유진  계현우 (kye@kbs.co.kr)▶ ‘코로나19 팩트체크’ 제대로 알아야 이긴다▶ 데이터로 본 아동학대…7년 간 무슨 일이? KBS 데이터룸▶ 더 빠르고 정확한 소식을 원하시면 KBS뉴스 구독!

"
경제,"[앵커의 눈] 6개월간 환자 1명이 물리치료 1,000회…의료급여 샌다",https://news.naver.com/main/read.nhn?mode=LSD&mid=shm&sid1=101&oid=056&aid=0010912413,"




 [앵커]의료급여 수급자란 경제적 어려움으로 의료 비용을 내기 어려워, 국가에서 대신 지급해주는 사람들로, 2018년 기준 148만 명에 이릅니다.그런데 이들 중 3백 명가량이 지난해 하반기만 평균 3백 차례 이상 물리치료를 받은 것으로 KBS 취재결과 확인됐습니다.이 중엔 6개월간 최대 천 회 이상 물리치료를 받은 사례도 있었습니다.이들 대부분은 증세에 비해 물리치료를 과다하게 받은 것으로 드러났는데, 의료급여 수급자인 만큼 진료비는 거의 국비와 지방비를 통해 지급됐습니다. ​양민철 기자가 보도합니다. [리포트] 경기도 성남의 한 의원. 지난해 7월부터 6개월간 서울의 한 의료급여 수급자가 52차례에 걸쳐 물리치료를 받은 곳입니다. 이 환자는 이 의원을 포함해 여러 의료기관에서 같은 기간 동안 모두 886차례 물리치료를 받았습니다. 주로 허리와 목 부분  통증 치료였는데, 의원 측은 다른 의료기관에서의 진료 여부를  알 수 없어  의료급여를 통해 치료를 해줄 수 밖에 없었다고 말합니다. [A 의원 간호사/음성변조 : ""(일부 환자들은) 자기 원하는 치료는 이 병원에서 받고 또 다른 병원에서 받고 막 이렇게 좀 하시는 분들도 계시고...  (환자가) 전화를 해서 이 분이 다른 병원에 다니시는구나라는 것을 알게 된 거지...""] 국회 보건복지위원회 전봉민 의원이 KBS에 제공한 자료에 따르면, 의료급여 수급자 중 물리치료를 지나치게 많이 이용한 경우는 지난해 하반기만 308명에 달합니다. 이들이 받은  물리치료 횟수는 11만 5천여 회,  1명당 375회나 됩니다. 일부 환자들은  최대 천 회 이상의 물리치료를 받기도 했습니다. 같은 기간 이들에게 지급된 진료비는 모두 23억 6천만 원 규모로, 의료급여 수급자기 때문에 대부분 비용은  국비와 지방비에서 지원되고 환자는 회당 천 원에서 천5백 원 정도만 부담하면 됩니다. 물리치료가 질병의 수준에 따라 적절히 이뤄졌다면 그나마 다행이지만, 의료급여관리사는  이들 중 87%에 해당하는 267명은 물리치료를 과다 이용했다고  판단했습니다. 이같은 과잉 치료를 막기 위해  의료기관 간 의료 정보를 공유해야 한다는 지적입니다. [전봉민/국민의힘 의원 : ""복지부에서 적정성 기준을 마련하고 또 병원들간에 (의료) 정보를 공유할 수 있는 그런 제도적 마련이 필요할 것으로 생각이 됩니다.""] 이에 대해 복지부는 조사된 물리치료 횟수는 의료기관들이 시행한 치료 횟수의 총합이라  환자 방문 횟수와는 차이가 있다면서도, 물리치료 과다 이용자에 대해서는 관리를 강화하겠다고 밝혔습니다. KBS 뉴스 양민철입니다. 촬영기자:유용규 서다은/영상편집:이태희 그래픽/고석훈 이희문양민철 (manofsteel@kbs.co.kr)▶ ‘코로나19 팩트체크’ 제대로 알아야 이긴다▶ 데이터로 본 아동학대…7년 간 무슨 일이? KBS 데이터룸▶ 더 빠르고 정확한 소식을 원하시면 KBS뉴스 구독!

"
경제,"[단독] ""안 나가면 소외감 줄 것""…2030 울리는 수상한 구조조정",https://news.naver.com/main/read.nhn?mode=LSD&mid=shm&sid1=101&oid=448&aid=0000308512,"




	
	[앵커]코로나로 호텔 업계 불황이  이어지는데, 인천의  한 유명 호텔업체가 직원들에게  희망퇴직과 무급휴직을  강요했다는 주장이  제기됐습니다.  김지아 기자의  보도입니다. [리포트]지난 7월 인천의 한 유명 호텔업체의 자회사는 전 직원을 대상으로 희망퇴직과 무급휴직 신청서를 받았습니다. 문제는 이 과정에서 입사한 지 채 5년도 안된 일부 20-30대 직원들이 상사로부터 희망퇴직과 무급휴직을 강요당했다는 주장이 나온 겁니다.전 직원 A씨""근무를 할 수 있다고 이미 사측에다가 전달을 했는데도, 시간을 좀더 달라고 했는데도 불구하고 그냥 오늘 안에 선택해서 쓰고 가라하고 강압적인 얘기를"" A씨는 당시 상사가 희망퇴직이나 무급휴직을 선택하지 않으면 소외된 부서로 보내버리겠다는 협박성 권유도 했다며 녹취 파일을 제보했습니다. A씨 상사 ""회사 영업에 관련된 부서가 아니고 몰아넣는 식의 팀을 만들거야. 소외감 느끼는 그런 절차로 가는거야."" 근로기준법에 따르면 회사는 근로자가 원하지 않는 무급 휴직을 강요할 수 없습니다. 사측은 희망자에 한해 희망퇴직과 무급휴직을 실시했다고 말을 아꼈습니다. 20-30대 직원들 위주로 희망퇴직과 무급휴직이 나온 것도 ""업종 특성상 20-30대 직원이 많기 때문""이라고 말했습니다.해당 호텔업체 관계자""퇴직을 원하는 직원들이 희망퇴직을 했습니다. 면담 과정에서 다소 오해가 있거나 왜곡된 표현이 있었다면 송구스럽게 생각합니다. 이 호텔업체는 외인 카지노와 리조트사업을 하는 코스닥 상장사로, 코로나19 타격으로 인해 비상경영체제로 돌입한 상태입니다. TV조선 김지아 입니다.김지아 기자(kimjiah@chosun.com)☞ 네이버 메인에서 TV조선 구독하기☞ 더 많은 TV조선 뉴스 보기* 뉴스제보 : 이메일(tvchosun@chosun.com), 카카오톡(tv조선제보), 전화(1661-0190)- Copyrights ⓒ TV조선. 무단전재 및 재배포 금지 -
	
"
경제,도매상 소송으로 드러난 메디톡스 中 유통 의혹 '투성',https://news.naver.com/main/read.nhn?mode=LSD&mid=shm&sid1=101&oid=003&aid=0010114127,"




메디톡스-도매상 C사, 중국 수출 관련 사기죄로 맞고소 6년간 ‘메디톡신’ 수출 거래…메디톡스 “수출 물품 대금 105억 갚아라” C사 “밀수출 때문에 일어난 일…밀어내기 심했다”[서울=뉴시스] 메디톡스 보툴리눔 톡신 '메디톡신' (사진=메디톡스 제공)[서울=뉴시스] 송연주 기자 = 보툴리눔 톡신 제품인 ‘메디톡신’의 중국 유통 과정에서 벌어진 메디톡스와 의약품 도매상의 법정 공방으로 중국 유통과 관련된 의심스러운 정황이 드러났다. 7일 관련 업계에 따르면 메디톡스와 국내 의약품 도매상 C사는 중국 유통과 관련해 물품 대금 미지급 문제로 서로를 사기죄로 고소했다. 메디톡스가 먼저 지난 6월 C사를 상대로 105억원 대 민사소송을 제기했다. 6년간(2013년 5월~2019년 4월) 톡신·필러의 중국 유통을 위한 물품 대금 329억원 중 105억원을 안 갚았다는 내용이다. 갚을 의사 없이 물품을 가져간 것이라며 7월에는 사기(특정경제범죄가중처벌 등에 관한 법률 위반)로 서울성동경찰서에 형사고소 했다. C사 역시 지난달 메디톡스를 사기죄로 맞고소했다. 105억원이란 채무는 메디톡신 중국 수출의 불법적인 요소로 일어난 손해인데다 애초에 메디톡스로부터 제대로 고지받지 못해 시작된 거래라는 주장이다. 문제는 다툼 속의 과정이 메디톡스의 정식 허가 전 중국 유통 의혹을 드러낸다는 점이다. 메디톡신은 중국에서 품목허가를 받지 않아 판매가 불가능하다. 아직 중국식품의약품감독관리총국(CFDA)의 허가 심사를 받는 중이다. C사 법률대리인의 주장에 따르면 6년간의 유통 과정은 이렇다. 두 회사는 2013년 5월~2019년 4월 중국 수출을 조건으로 계약서도 없이 구두로 톡신, 필러 등을 공급했다. C사는 직원 1~2명의 소규모 업체였다. 거래 시작 당시엔 의약품도매상으로 허가받지 않고 있다가 지난 2017년 5월 허가를 받았다. 그런데 C사는 6년간 메디톡스로부터 제품을 사들여 또 다른 재하청 업체(도도매상)에 판매한 총 금액 320여 억원 중 220억원만 메디톡스에 지급하고 105억원은 지급하지 않았다. 이는 중국정부의 밀수품 단속으로 현지 컨테이너와 물품이 압수당하면서 연쇄적으로 C사 역시 대금을 회수하지 못해서라는 주장이다. 또 메디톡스의 지나친 ‘밀어내기’ 때문에 물건만 잔뜩 떠안았다고 지적했다. 대리인은 “메디톡신이 중국에서 무허가 제품이란 것은 알고 있었지만 소규모 업체다보니 괜찮다는 메디톡스의 말을 신뢰할 수밖에 없었다”며 “국내 식약처의 수출허가도 받았다고 하고, 정말 판매해도 되는지 메디톡스에 재차 확인하는 절차도 거쳤다. 실제로 2016년 초 메디톡스로부터 중국 시장에 판매해도 무방하다는 메일을 받았다”고 주장했다. 처음에는 유통과 마진 관련 마찰이 없었다. 하지만 2017년 들어 사드(THAAD)로 중국의 밀수출 단속이 심해지면서 중국 내 메디톡신 보관 창고와 컨테이너가 압수돼 국내에 있는 C사 마저 대금 회수가 어려웠다는 주장이다. 대리인은 “C사 같은 중간 도매상이 8개 가량 있었다. 메디톡스는 매달 이들로부터 발주 받아 물량을 출하하는 구조였다. 8개사가 다시 도도매상에 판매하는 국내 판매 과정이 몇 차례 이뤄졌고 국내에 와있는 중국 물류업체들과도 연결됐다”고 주장했다. 이어 “이렇게 몇 다리 건너 중국에 보냈는데 사고가 터지면 연쇄적으로 대금을 받을 수 없었다”며 “관련 내용을 메디톡스에 보고해도 메디톡스는 알아서 처리하라며 대금을 갚아야 한다는 입장만 취했다”고 말했다. 메디톡스의 물품 밀어내기도 심했다는 주장이다. 대리인은 “C사의 메디톡스에 대한 채무는 2016년 말 30억, 2017년 말 90억, 2019년 4월 105억으로 계속 늘었는데도 담보를 요구하거나 거래를 끊는 통상의 조치 대신 물건을 받으라고 계속 압박했다”며 “중국 단속이 심해 물건 판매가 안 되는 상황에서도 계속 판매 압박이 있었다”고 했다. 이어 “재하청 업체로부터 대금을 받기 위해 우리도 형사고소까지 했지만 결국 (그들은) 무혐의 처분을 받았다”며 “중국에서 물건이 압수돼 못 갚은 것이지 일부로 안 갚은 아니다는 결론이었다”고 했다. 또 C사는 메디톡스가 수출용 메디톡신의 품질이 부적합하다는 것을 알면서도 이를 공급했다고 보고, 사기 혐의로 고발했다. 메디톡스로부터 2016년 12월과 2017년 1월 구입한 11억원 상당의 메디톡신 물품이 지난해 10월 식약처 현장 실사 결과 품질부적합으로 판정됐다. 메디톡스가 이를 알면서도 판매했다는 주장이다. 이와 관련, 메디톡스는 소송 중인 내용을 밝힐 수 없다며 함구했다. 회사 관계자는 “수출 제품을 판매했던 업체와 소송을 진행 중인 것은 맞지만 구체적인 내용은 소송 중이라 말할 수 없다”고 했다.☞공감언론 뉴시스 songyj@newsis.com▶ 네이버에서 뉴시스 구독하기▶ K-Artprice, 유명 미술작품 가격 공개▶ 뉴시스 빅데이터 MSI 주가시세표 바로가기<ⓒ 공감언론 뉴시스통신사. 무단전재-재배포 금지>
	
"
경제,"'쇼핑 검색 조작' 네이버, 국감서 질타…뉴스도 눈초리",https://news.naver.com/main/read.nhn?mode=LSD&mid=shm&sid1=101&oid=437&aid=0000249253,"



동영상 뉴스




[앵커]네이버가 자사의 쇼핑과 동영상 서비스에 유리하도록 알고리즘을 조작한 걸로 조사됐죠. 뉴스와 같은 다른 검색 알고리즘을 두고도 의심의 눈초리가 있습니다. 오늘(7일) 국정감사에서도 질타가 쏟아졌습니다.성화선 기자입니다.[기자]국회 과학기술정보방송통신위원회 국정감사 첫날.네이버가 알고리즘을 조작한다는 의혹이 강하게 제기됐습니다.쇼핑이나 동영상 검색 순위를 조정했다고 공정위가 과징금을 물린 만큼 뉴스 등에도 의심의 눈초리가 쏠린 겁니다.[허은아/국민의힘 의원 : 그간 네이버의 알고리즘 조작에 대한 불가능(하다는) 주장은 새빨간 거짓말입니다. 거짓말이었고요.]이해진 네이버 글로벌투자책임자가 증인으로 출석해야 한다는 주장도 나왔습니다.인터넷 여론도 네이버 검색 순위를 다시 따져봐야 한다는 목소리가 높습니다.온라인 쇼핑 업계는 수년간 제기했던 검색 순위 조작설이 공정위 조사로 확인됐다고 반겼습니다.네이버 직원 이메일에도 드러납니다.한 직원은 다른 업체들이 문제 제기를 할까 걱정이 된다며, 자사 제품의 노출 비율을 5%씩 비율을 늘려가며 외부 반응을 보자고 제안하기도 했습니다.하지만 과징금 267억 원에 그친 건 납득하기 어렵다고 했습니다.[업계 관계자 : (네이버가) 출발점을 경쟁우위를 가지고 시작하는 거죠. 불공정 행위가 장기간 지속하면서 그로 인해 거둬들인 이익도 꽤 큰 것을 감안하면…]실제로 G마켓, 11번가 등은 수수료 분쟁 등으로 네이버를 떠나기도 했지만 결국 다시 돌아왔습니다.네이버 검색 기능의 영향력이 크다 보니 백기를 든 겁니다.해외는 처벌이 엄합니다.지난 2017년 구글은 검색 때 자사 쇼핑 광고가 먼저 나오게 했다가 유럽연합으로부터 과징금 약 3조3000억 원을 부과받았습니다.(영상디자인 : 정수임)성화선 기자 (ssun@jtbc.co.kr) [영상취재: 김민 / 영상편집: 홍여울]▶ 뉴스의 뒷이야기! JTBC 취재설명서▶ 시청자와 함께! JTBC 뉴스 제보하기▶ 네이버에서 JTBC 뉴스 채널 구독하기Copyright by JTBC(http://jtbc.joins.com) All Rights Reserved. 무단 전재 및 재배포 금지
	
"
경제,"[따져보니] 논란의 '기업규제 3법'…""경영 위축"" vs ""재벌 개혁""",https://news.naver.com/main/read.nhn?mode=LSD&mid=shm&sid1=101&oid=448&aid=0000308502,"




[앵커]재계 입장을 보셨는데 그럼에도 불구하고 정부 여당은 기업 건전성 확보를 위해 추진이 불가피하단 입장입니다. 어떤 부분에서 이렇게 의견이 엇갈리고 있는지 또 누구 말이 맞는지 주요 쟁점들을 따져 보겠습니다. 윤슬기기자 가장 중요한 쟁점은 어떤게 있습니까? [기자]네, '감사위원 분리선출'이 쟁점 중 하나인데요, 기업엔 기업활동을 감시감독하는 '감사위원'이 있죠. 현재는 감사위원을 주주들이 뽑은 이사들 중에서 선출하지만, 법이 개정되면, 감사위원 최소 1명을 별도로 뽑아야 합니다. 이렇게 되면 감사가, 기업 총수의 영향력이나 기업 내부 눈치를 덜 보게 돼, 내부 감시자로서 역할을 더 잘할 거란게 정부여당의 주장이죠. [앵커]감사의 독립성이 강화되면 기업경영도 더 투명질텐데 재계가 반대하는 이유는요? [기자]그런데 이 분리제도가 자칫 기업의 생존을 위협할 수 있다는게 재계 주장이죠. 예를 들어 해외 투기자본이 국내 기업의 감사위원을 선임하는 길이 열리게 돼, 기업 경영권이 흔들릴 수도 있다는 겁니다. [앵커]기업입장에선 걱정할 만 하긴 하군요? 그리고 다중대표소송제 라는 것도 논란이 많더군요.[기자]네, 다중대표소송제가 실시되면, 앞으로 모회사 주주는 불법행위를 한 자회사 임원을 상대로 손해배상 청구소송을 할 수 있습니다. 시가총액 14조원인 국내 A그룹을 예로 들면, 이 그룹의 모회사 주식 2주, 약 16만원어치를 가진 주주 B씨도, A그룹의 수십개 자회사 임원들을 상대로 소송 제기가 가능해지는 거죠. [앵커]이건 소액주주들의 권리를 더 두텁게 보장하자는 취지입니까? [기자]그렇습니다. 일반 주주들이 기업 총수일가 등의 경영 책임을 보다 무겁게 묻는 길이 열린 셈이죠. 하지만 소송이 쉬워진다는건, 그만큼 소송이 남발될 가능성도 높아진다는 뜻이죠. 소송에 시달리다 경영이 위축될 수 있다는게 재계의 우려입니다. [앵커]결국 이런 제도들이 긍정적으로 작용할 수도 있고 또 남발되면 기업이 걱정하는 부작용이 나타날 수도 있는 문제여서 참 판단이 쉽진 않군요.[기자]그렇습니다. 새 제도의 예상 효과에 대해, 전문가들 의견은 엇갈리는데요, 잇따라서 들어보실까요? 신세돈 / 숙명여대 경제학과 교수""그동안 대기업들이 갑질을 너무 많이 해왔기 때문에 경제가 어렵든 어렵지 않든 기업이 잘못해온 관행은 고쳐야 해요."" 오정근 / 선진경제전략포럼 회장""이렇게 경영권을 위협하는 그런 조치만 계속 도입.. 국내에서 기업할 사람이 없어지는 거죠. 국내 일자리는 공동화 상태로.."" [앵커]그러나 제도는 한번 만들어지면 다시 고치기는 어렵지요 신중해야 할 겁니다. 잘들었습니다. 윤슬기 기자(cupidmom@chosun.com)☞ 네이버 메인에서 TV조선 구독하기☞ 더 많은 TV조선 뉴스 보기* 뉴스제보 : 이메일(tvchosun@chosun.com), 카카오톡(tv조선제보), 전화(1661-0190)- Copyrights ⓒ TV조선. 무단전재 및 재배포 금지 -
	
"
사회,건보료 4조원 빼먹은 의사들…면허 취소돼도 몇년 뒤 '부활',https://news.naver.com/main/read.nhn?mode=LSD&mid=shm&sid1=102&oid=437&aid=0000249256,"



동영상 뉴스




[앵커]의사 면허는 웬만해선 취소가 안 됩니다. 취소돼도 몇 년만 기다리면 되살아나서 '방탄 면허', '불사조 면허'라고 불립니다. 그 피해는 고스란히 국민들 몫입니다. JTBC 취재 결과, 건강보험료를 거짓으로 타내 처벌받은 의사들도 면허가 취소됐다가 버젓이 돌아오고 있습니다. 건강보험 재정에 4조 원 가까운 손실을 입혔습니다. 의사 면허를 취소한 정부가 다시 면허를 내주면서 악순환이 되풀이되고 있습니다.고승혁 기자입니다.[기자]대한의사협회는 건강보험 재정 악화의 원인으로 문재인 케어를 꼽습니다.뇌 MRI와 2인 병실 등 기존 비급여 항목까지 보험을 확대하며 적자 폭이 커졌단 겁니다.[최대집/대한의사협회장 (2019년 7월) : 문재인케어는 건강보험의 보장성 강화란 목표에도 불구하고 건강보험하지만 병원의 불법 행위로 구멍 난 건강보험료만 4조 원에 가깝습니다.지난 5년간 병원이 거짓으로 타낸 건보료는 8462억 원.개인이 병원을 개설하고 의사를 고용해서 운영하는 이른바 사무장 병원도 불법인데, 이걸 통해 빼낸 금액은 3조 원에 달합니다.의사는 이처럼 의료법을 위반해서 금고형 이상을 받으면 면허가 취소됩니다.하지만 3년 안에 면허는 부활합니다.최근 5년간 보건복지부가 재발급한 의사 면허 78건 중 건보료 거짓 청구나 사무장 병원 관련이 66%에 이릅니다.[강병원/의원 (국회 보건복지위원회) : 리베이트를 받거나 사무장 병원 운영으로 의사면허가 취소돼도 3년만 지나면 재교부됩니다. 부당이득 환수 조치도 못 해 건강보험 재정을 갉아먹고 있습니다.]보건복지부 행정처분심의위원회 문건입니다.취소된 면허를 위원회가 직권으로 종결, 정지, 경고로 낮췄습니다.이유도 황당합니다.의사가 행정 절차를 잘 몰랐고, 고의성이 없었단 겁니다.제도를 악용한 일부 의사들의 일탈로 구멍 난 건보 재정은 고스란히 국민 부담입니다.(영상디자인 : 최석헌)◆ 관련 리포트의사 500명 연루 '역대급' 리베이트 사건…면허취소·정지 '0'→ 기사 바로가기 : http://news.jtbc.joins.com/html/835/NB11972835.html고승혁 기자 (ko.seunghyuk@jtbc.co.kr) [영상취재: 황현우,조용희 / 영상편집: 박인서,김영석]▶ 뉴스의 뒷이야기! JTBC 취재설명서▶ 시청자와 함께! JTBC 뉴스 제보하기▶ 네이버에서 JTBC 뉴스 채널 구독하기Copyright by JTBC(http://jtbc.joins.com) All Rights Reserved. 무단 전재 및 재배포 금지
	
"
사회,파출소장 태우고 음주운전 ‘무혐의’…경찰 초동대처 미흡 논란,https://news.naver.com/main/read.nhn?mode=LSD&mid=shm&sid1=102&oid=056&aid=0010912419,"




[KBS 청주] [앵커] 현직 파출소장과 면장 등 4명이 근무 시간에 술을 마시고 음주 차에 함께 탄 소식, KBS 보도로 전해드렸는데요. 검찰이 이들 모두를 '무혐의' 처분했습니다. 수사 자료가 충분치 않았다는 건데, 경찰은 부실 수사를 부인하고 있습니다. 조진영 기자가 보도합니다. [리포트] 한 남성이 술을 마십니다. 파출소장, 면장 등 일행과 건배하고, 마시고 또 마십니다. 연이어 넘어가는 술잔. 1시간여 동안 들이킨 술만 모두 8잔, 소주 한 병 분량입니다. 잠시 뒤, 승용차 운전석에 타더니 일행을 태우고 식당을 빠져나갑니다. 검찰이 음주 운전과 방조 혐의로 송치된 이들 네 명을 '무혐의' 처분했습니다. 음주 운전자의 혈중알코올농도 추정치를 입건 수치 이상으로 단정하기 어렵고, 그래서 나머지 3명에게도 '방조' 혐의를 적용하기 어렵다는 겁니다. [청주지방검찰청 영동지청 관계자 : ""경찰 추가 조사 후 음주 단속 수치에 해당하지 않는다는 취지로 (경찰에서) '혐의없음' 의견으로 송치 와서 '혐의없음' 처분하였습니다.""] 경찰은 자체 조사에선 운전자의 혈중알코올농도를 입건 수치인 0.03% 이상으로 추정했지만, 국립과학수사연구원에 의뢰한 결과, 입건 수치 미만으로 나왔다고 설명했습니다. [이종열/충북지방경찰청 교통조사계장 : ""국과수에서는 (입건 수치가) 안된다는 뜻으로 분석했더라고요. 단속 수치가 안되기 때문에 혐의 없는 겻으로 해서 (검찰에 다시) 보낸 거죠.""] 최초 신고자인 식당 주인은 ""사건 직후, 경찰이 조사를 제대로 하지 않아 벌어진 일""이라고 주장합니다. ""식당이 산 중턱에 있어 차로 이동해야 하는데, 출동한 경찰이 이들의 음주운전을 의심조차 하지 않았다""고 말합니다. [신고자/음성변조 :  ""'현장에 나올 때 음주 측정기를 챙겨와라, 측정을 해라', 그렇게 전달을 드렸어요. 두 차례 음주 측정을 요구 드렸는데, 아무도 음주 측정을 하신 분이 안 계셨어요.""] 이에 대해 경찰은 파출소장의 '근무 중 음주' 신고만 접수됐기 때문에, 다른 조사를 하지 않았다고 해명했습니다. 파출소장과 면장에 대한 경찰과 지자체의 징계 여부는 이번 달 안에 결정됩니다. KBS 뉴스 조진영입니다. 영상편집:오진석조진영 (1234@kbs.co.kr)▶ ‘코로나19 팩트체크’ 제대로 알아야 이긴다▶ 데이터로 본 아동학대…7년 간 무슨 일이? KBS 데이터룸▶ 더 빠르고 정확한 소식을 원하시면 KBS뉴스 구독!

"
사회,양산에 한·중·일 백신연구소 설립 거론 ‘시끌’,https://news.naver.com/main/read.nhn?mode=LSD&mid=shm&sid1=102&oid=032&aid=0003036120,"




부산대 양산캠퍼스 유휴부지 ‘후보’ 부상…정치권 정쟁화[경향신문] 한·중·일 공동 바이오·백신 연구소 설립 후보지로 거론되는 경남 양산 부산대 양산캠퍼스 유휴부지. 인근에는 오피스텔, 상가, 전철역. 아파트단지 등이 자리하고 있다. 김정훈 기자김두관 의원, 중국 측에 제안 긍정 답변 받아낸 것으로 알려져일부 보수단체 “안전 우려로 불가”…김 의원 “아이디어 수준”한·중·일 공동 바이오·백신 연구소 설립 후보 예정지 중 하나로 경남 양산이 거론되자 정치권 정쟁으로 번지며 논란이 일고 있다.지난 5일 경남 양산시 물금읍 범어리 부산대 양산캠퍼스 앞에 있는 수십만㎡의 유휴부지. 인근에는 오피스텔, 상가, 부산~양산 2호선 전철역, 대단위 아파트단지 등이 들어서 있다. 이곳 공터에 중국의 전통 한의학에 한·일 첨단 의료·제약 기술을 접목해 새롭게 등장하는 바이러스를 치료·예방할 수 있는 연구·치료소를 건립하는 사업이 급부상하고 있다. 부산대는 양산 부산대병원을 중심으로 감염전문병원 설립, 의생명과학단지 조성을 계획하고 있다. 양산 부산대병원의 여러 전문병원·연구소 등과 협업할 수 있고, 66만4782㎡ 규모의 유휴부지도 있어 한·중·일 공동 바이오·백신 연구소를 설립하면 시너지를 낼 수 있다는 장점이 있다. 한·중·일 공동 바이오·백신 연구소 설립 후보 예정지로는 부산과 양산 등이 거론된다. 빈 땅이 없는 부산보다는 부산대 유휴부지가 있는 양산은 생활권이 사실상 부산과 동일하다는 점도 장점이다.이러한 장점을 고려해 김두관 더불어민주당 의원(양산을)이 지난 8월 부산과 경남의 경계지역인 양산에 연구소를 세울 수 있다는 중재안을 사업 주체인 중국공산당 산하 해외민간협력기구 중화해외연의회에 제시했고, 긍정적인 답변을 얻은 것으로 알려졌다. 양산 시민 박모씨(48)는 “선거철이면 정치인들이 부산대 양산캠퍼스 유휴부지의 다양한 활용 방안을 제시했지만 실제 들어선 것은 없다”고 말했다. 구모씨(51)는 “사실이 왜곡된 것인지는 몰라도 코로나19 사태로 바이러스 관련 연구시설이 들어서는 것은 부정적”이라고 말했다.이에 지난달 16일 한 청원인이 청와대 국민청원 게시판에 ‘부산 또는 양산에 중국의 바이러스 연구센터가 설립되려 한다’는 글을 올려 의혹을 제기했다. 또 일부 보수 인사·단체, 국민의힘 소속 양산시의원들도 사회관계망서비스(SNS)·유튜브·기자회견에서 “시민 안전을 위협하는 바이러스 연구센터 설립은 절대 불가하다”고 말했다.김두관 의원은 지난달 22일 SNS에서 “‘중국 우한 바이러스 연구센터 설립’ 등 일부 보수인사 등의 주장은 괴담보다 못한 가짜뉴스”라며 “일부 극우 유튜버들의 비상식적인 주장이 도를 넘고 있다”고 말했다. 김 의원실 관계자도 “서울대에 국제백신연구소가 있는데, 그러면 서울대 주변이 모두 감염되느냐”면서 “제약회사, 바이오테크놀로지 산업 등을 활성화하고 지역경제를 살리기 위한 아이디어 수준일 뿐 계획도 내용도 없는 상태”라고 말했다. 이어 “이 문제는 바이오·백신 연구센터 설립 사업을 논의해온 국내 한 경제인연합회와 부산시가 코로나 사태가 나기 전인 지난해 7월부터 거론한 사안”이라며 “연구소 설립이 본격 추진된다면 주민들에게 투명하게 공개할 것”이라고 말했다. 부산대 관계자는 “부산대 총장과 김 의원이 유휴부지 활용 방안을 논의했지만, 구체적 언급은 전혀 없었다”고 말했다.글·사진 김정훈 기자  jhkim@kyunghyang.com▶ 장도리 | 그림마당 보기▶ 경향신문 바로가기▶ 경향신문 구독신청하기©경향신문(www.khan.co.kr), 무단전재 및 재배포 금지

"
사회,"""목돈 받잖아"" 연봉 안 올려주고…사장 부인이 챙기고",https://news.naver.com/main/read.nhn?mode=LSD&mid=shm&sid1=102&oid=055&aid=0000846455,"



동영상 뉴스




'내일채움공제' 부정 · 부당 사례 적발은 0건<앵커>정부가 중소기업 청년들에게 목돈을 만들어 주려고 만든 '내일채움공제'라는 것이 있습니다. 청년과 기업이 매달 일정액을 적금 붓듯 모으면 정부도 지원금을 보태서 최대 3천만 원까지 만들어주는 것인데, 제도에 허점이 있고, 또 이를 빌미로 직장에서 부당한 일을 당했다는 청년들도 있습니다.한소희 기자가 보도합니다.<기자>중소기업에서 회계 업무를 하는 A 씨.출퇴근 기록 없이 월급만 받아 가는 직원이 있어서 알아보니 대표 부인이었습니다.[A 씨/중소기업 직원 : 부인을 직원으로 올려서 월급을 수급했고 그다음에 내일채움공제도 신청해서 받은 거예요.]유령 직원으로 등록해 정부지원금만 챙긴 것입니다.또 다른 중소기업 전 직원 B 씨.부당한 업무 환경에 퇴사를 결심하자 상사는 내일채움공제 얘기를 하며 조롱했습니다.[B 씨/전 중소기업 직원 : 어차피 너는 이거(내일채움공제) 하고 있으니까 어디 회사 옮기지도 못하지 않느냐면서….]중소기업 직원의 소득을 지원하자는 좋은 취지에서 시작됐지만, 부당한 일을 겪었다는 경험담도 많습니다.기업이 내야 할 돈을 청년 직원에게 떠넘기거나, 내일채움공제로 어차피 목돈을 받을 것 아니냐며 연봉을 올려주지 않는다는 것입니다.하지만 당국이 파악한 부정, 부당 사례는 시행 2년이 지나도록 단 한 건도 없습니다.상담 전화를 열어 신고를 받고는 있지만, 신원이 드러날 수 있다는 우려에 신고는 거의 없습니다.[신영대/더불어민주당 의원 (국회 산자위) : 청년들의 장기근속을 위해서 만든 제도가 일부 중소기업 업주들의 갑질 수단으로 악용되면서 (문제 생기고 있습니다) 처벌할 수 있는 규정을 만드는 게 필요(합니다.)]내년에도 3천억이 넘는 예산이 들어갈 사업인 만큼 철저한 감시가 필요합니다.(영상취재 : 주용진, 영상편집 : 조무환)한소희 기자(han@sbs.co.kr)▶ [마부작침] 아무나 모르는 의원님의 '골목식당'​▶ [뉴스속보] 코로나19 재확산 현황▶ 더 깊은 인물 이야기 '그, 사람'※ ⓒ SBS & SBS Digital News Lab. : 무단복제 및 재배포 금지

"
사회,"임금 체불에 부당 계약…""착한 프랜차이즈라니 황당""",https://news.naver.com/main/read.nhn?mode=LSD&mid=shm&sid1=102&oid=055&aid=0000846454,"



동영상 뉴스




	
	<앵커>공정거래위원회가 코로나 위기 속에 가맹점들을 지원한 프랜차이즈 본사들을 '착한 프랜차이즈'로 선정하고 혜택을 주고 있습니다. 그런데 여기 문제 있는 회사들도 다수 포함됐습니다.박재현 기자의 보도입니다.<기자>공정거래위원회가 발급한 '착한 프랜차이즈' 확인서입니다.코로나19 사태 이후 가맹점에 수수료를 덜 받거나 판촉비 등을 할인해 주는 프랜차이즈 본사에 발급됩니다.8월 말까지 232곳이 선정됐습니다.정부가 나서서 '착한 기업'이라는 확인서를 줄 뿐만 아니라 대출 금리 인하 같은 혜택도 줍니다.그런데 착한 기업 확인서가 무색한 곳이 적지 않습니다.경영진이 납품·협력 업체를 압박해 부당 이득을 챙긴 혐의 등으로 지난달 검찰에 넘겨진 '쿠우쿠우'가 포함됐고, 임금 체불, 부당 계약 체결 같은 노동관계법을 위반한 회사가 31곳이 들어갔습니다.전체의 13%나 됩니다.심사 과정에서 수사 상황이나 법 위반 전력 등을 고려하지 않은 탓인데 일부 가맹점주는 이런 가맹본부를 공정위가 나서 '착하다'고 인정하는 것을 받아들이기 어렵다는 입장입니다.['착한 프랜차이즈' 가맹점주 : 착한 프랜차이즈라고 하니까 황당한 거죠 저희들로선. 일반 고객들, 소비자들이 착한 사람들이다 인지하게 하는 것은 (부당합니다.)][전재수/더불어민주당 의원(국회 정무위) : 착한 프랜차이즈와는 거리가 먼 가맹사업자들에도 지원이 되고 있는데, 이 부분도 공정거래위원회가 면밀히 살펴볼 필요가 있습니다.]공정위는 ""코로나로 급박한 상황에서 모든 조건을 고려하지 못한 측면이 있다""며 ""가맹점주 대상 조사와 모니터링 강화를 통해 제도 개선에 나서겠다""고 밝혔습니다.(영상취재 : 하 륭, 영상편집 : 전민규, VJ : 김종갑)박재현 기자(replay@sbs.co.kr)▶ [마부작침] 아무나 모르는 의원님의 '골목식당'​▶ [뉴스속보] 코로나19 재확산 현황▶ 더 깊은 인물 이야기 '그, 사람'※ ⓒ SBS & SBS Digital News Lab. : 무단복제 및 재배포 금지

"
생활/문화,출판계 도서정가제 완화 반발에 박양우 장관 “유지가 기본”,https://news.naver.com/main/read.nhn?mode=LSD&mid=shm&sid1=103&oid=025&aid=0003041407,"




7일 국정감사서 “민관협의체안이 근간,폐지· 강화 등 종합적으로 검토하겠다”  박양우 문화체육관광부 장관이 7일 국정감사에 출석해 질문에 답변하고 있다. 오종택 기자           박양우 문화체육부장관은 다음 달 개정을 앞둔 도서정가제와 관련해 기본적으로 현행 제도를 유지할 것이라고 밝혔다. 박 장관은 7일 국회 문화체육관광위원회의 문체부에 대한 국정감사에서 “민관협의체에서 마련한 것을 근간으로 추진한다. 국민청원이 제기돼 이용자 의견을 듣는 과정이 있지만 도서정가제는 유지가 기본”이라고 말했다.       도서정가제는 출판 시장 유통 질서를 바로잡고자 책값 할인을 정가의 15% 이내로 제한한 제도로 2014년부터 시행됐다. 현행 출판문화산업진흥법상 문체부 장관이 3년마다 도서정가제의 타당성을 검토해 폐지ㆍ완화 또는 유지 등의 조치를 하도록 규정하고 있다. 2017년 타당성 검토 작업을 거쳐 올 11월까지 연장된 상황이다.      하지만 문체부와 출판계가 서로 다른 의견을 내놓으면서 갈등을 빚고 있다. 문체부는 지난해 7월 출판계와 유통계, 소비자단체 등에서 총 13명이 참여한 민관협의체를 구성해 올해 6월까지 총 16차례 회의를 거쳐 할인 폭은 유지하되 할인 효과가 있는 재정가 허용 기준을 확대하는 방안에 의견을 모았다. 그러나 출판계는 지난 8월 문체부가 기존 논의를 원점에서 재검토할 것이라고 통보 후 이를 완화하는 개정안을 내놨다며 강하게 반발하고 있다.        시인 출신인 도종환 문체위원장도 이날 국감에서 도서정가제 시행 이후 출판사 수와 신간 종수가 늘었다며 도서정가제 유지를 촉구했다. 도 위원장이 “폐지, 완화, 유지뿐 아니라 강화도 함께 논의하는 게 맞지 않냐”며 의견을 묻자, 박 장관은 “정책은 완화와 폐지뿐 아니라 때로 강화되기도 해야 하니 종합적으로 검토해야 한다”고 답변했다.        앞서 6일 한국출판인회의와 한국작가회의는 작가 3500명을 대상으로 시행한 공동 여론조사 결과 10명 중 7명이 현행 제도를 유지 또는 강화해야 한다고 답했다고 밝혔다. 여론조사업체 리얼미터가 시행한 조사에서 실제 응답한 작가 1135명 중 도서정가제를 유지해야 한다는 의견이 39.7%로 가장 많았고, 강화해야 한다는 의견이 30.2%로 뒤를 이었다. 반면 할인 폭 확대 등 완화해야 한다는 의견은 30%로 집계됐다.        민경원 기자 storymin@joongang.co.kr    ▶ 넌 뉴스를 찾아봐? 난 뉴스가 찾아와!▶ 네이버에서 중앙일보 받아보기▶ [영상]제주바다 전복이 사라진다ⓒ중앙일보(https://joongang.co.kr), 무단 전재 및 재배포 금지
	
"
생활/문화,[자막뉴스] 당정에서 불 붙인 BTS 병역 특례…공론화될까?,https://news.naver.com/main/read.nhn?mode=LSD&mid=shm&sid1=103&oid=056&aid=0010912400,"




 논란의 시작은 민주당 최고위원 회의였습니다. [노웅래 : ""이제 우리는 BTS의 병역특례를 진지하게 논의해야 합니다. 신성한 국방의 의무는 대한민국 국민에게 주어진 사명이지만 모두가 반드시 총을 들어야만 하는 것은 아닙니다.""] 빌보드 차트 1위로 1조7천억 원의 파급 효과를 가져왔다며, 대중예술 분야도 병역특례 적용 대상에 당연히 포함해야 한다는 겁니다. 이 제안은 '공정성'에 관한 논란으로 이어졌고, 급기야 여당 대표가 나서  함구령을 내렸습니다. [이낙연 : ""국민께서 보시기에 편치 못하시고 BTS 본인들도 원하는 일이 아니니 이제는 서로 말을 아끼셨으면 합니다.""] 지난달 국회에 발의된 병역법 개정안은 징집이나 소집을  연기할 수 있는 대상에 대중문화예술 분야 우수자도 추가돼 있습니다. 예술과 체육 분야에 국한됐던 병역특례 적용대상을 BTS와 같은 대중가수까지 확대하자는 취지입니다. 국정감사에서  관련 질의가 나오자 주무 부처인 문화체육관광부 장관도 긍정적인 견해를 밝혔습니다. [박양우 : ""대중문화예술인의 병역 특례 문제는 전향적으로 검토할 필요가 있다고 보고요. 다만 그것은 문체부만이 아니고 국방부나 병무청 등 관계기관들하고도, 또 국민의 정서도 고려해야 하는데...""] 정작 당사자인 BTS는  이미 병역의 의무를  수행할 것이라고 공언한 상황. 팬클럽 '아미'도 정치권이 논란을 키운다며 거부감을 드러냈습니다. [진/지난 2월 : ""병역은 당연한 의무라고 생각을 하고 있고 나라의 부름이 있으면 언제든지 응할 예정입니다.""] 이 때문에  모두가 공감할 수 있는 특례 기준부터 정비해야 공정성 논란이 더는 나오지 않을 것이라는 지적입니다. KBS 뉴스 정연욱입니다. 촬영기자:최연송/영상편집:김대범/그래픽:김현석정연욱 (donkey@kbs.co.kr)▶ ‘코로나19 팩트체크’ 제대로 알아야 이긴다▶ 데이터로 본 아동학대…7년 간 무슨 일이? KBS 데이터룸▶ 더 빠르고 정확한 소식을 원하시면 KBS뉴스 구독!

"
생활/문화,'골다공증' 골절되면 사망률 17%… 환자 절반이 1년 내 치료 중단,https://news.naver.com/main/read.nhn?mode=LSD&mid=shm&sid1=103&oid=346&aid=0000034480,"




골다공증이 심화돼 골절이 발생할 경우 사망할 확률이 17%에 달할 정도로 심각하지만, 골다공증환자 100명 중 66명이 1년 내 치료를 중단할 정도로 지속관리가 이뤄지지 못하는 실정이다./클립아트코리아 제공골다공증은 증상은 없지만, 골절이 되면 사망에 이를 정도로 합병증이 심한 질환이다. 고령화로 인해 골다공증 환자가 증가하고 있지만, 골다공증 치료 환자의 절반 이상이 1년 내 치료를 중단하고 있다. 질환에 대한 인지도가 떨어질 뿐만 아니라 약제 보험 급여가 1년 동안만 이뤄지기 때문인 것으로 분석되고 있다.골다공증 골절 사망률 17%국회 보건복지위원회 전봉민 의원(국민의 힘)은 대한골대사학회와 함께 ‘초고령사회 건강선순환 구축을 위한 골다공증 정책과제’라는 자료집을 발간했다.정책자료집에 따르면 골다공증 유병률은 인구고령화와 함께 점차 증가하고 있으며, 2020년에는 골다공증 환자수가 100만명을 돌파한 것으로 나타났다. 특히 노인인구의 건강문제는 경제활동 참여와 자립적인 생활능력 문제로 직결되기 때문에 골다공증 골절과 같이 노인 인구의 기동력을 앗아가는 질환은 사회 전반의 부양 부담을 늘리는 뇌관이 될 수 있음을 지적하고 있다.전봉민 의원은 “골다공증이 심화돼 골절이 발생할 경우 사망할 확률이 17%에 달할 정도로 심각하지만, 골다공증환자 100명 중 66명이 1년 내 치료를 중단할 정도로 지속관리가 이뤄지지 못하는 실정”이라고 말했다.1년 동안만 약제 보험… 치료 중단 원인우리나라 골다공증 관리의 문제점으로는 ?낮은 질환 인지도와 낮은 치료율, ?지속적인 치료를 어렵게 하는 제한적인 약제 급여기준, ?골다공증의 ‘연쇄적 악화’ 를 막지 못하는 통합적 관리시스템의 부재를 들었다. 현재 약제 급여 시스템은 골밀도 측정 시 T-score가 ?2.5 이하로 저하된 환자만이 치료 대상자로서 ‘1년 동안만’ 보험급여를 받을 수 있다. T-score가 ?2.5를 초과하는 경우 여전히 골절 위험을 가지고 있음에도 급여대상에서 제외되는 형국이다.또한, 골다공증이 ‘골절’ 로 이어질 경우 높은 사회·경제적 비용을 유발하므로 ?골다공증 진단 독려 및 치료를 통한 골절 예방 필요성 인식 확산, ?임상적 근거에 부합하는 급여기준 설정을 통한 지속적인 치료환경 조성, ?건강보험 체계 내 단계별 골절 예방시스템 구축이 필요하다고 제언했다.전봉민 의원은 “치료중단의 주요원인으로 지목받는 치료제 급여기준을 개선하는 일을 정부, 학계와 논의하며 바로잡아 나갈 것” 이라고 말했다./ 이금숙 헬스조선 기자 lks@chosun.com▶국내 최고 명의 590명은 누구일까?▶대표 건강 사이트 헬스조선닷컴 바로가기

"
생활/문화,자박자박 동네 한바퀴  심쿵한 가을을 만나다,https://news.naver.com/main/read.nhn?mode=LSD&mid=shm&sid1=103&oid=005&aid=0001368803,"




관광공사 선정 ‘집 근처 걷기 좋은 길’한국관광공사는 준비 없이 떠나도 충분히 좋은 '우리 집 근처 가볍게 걷기 좋은 길'로 10월 걷기여행길을 선정했다. 경기도 수원시 수원팔색길 여우길, 부산 기장군 갈맷길 1-2코스), 경북 의성군 의성읍 둘레길, 전남 여수시 호랑산 둘레길, 전북 정읍시 백제가요 정읍사 오솔길 2코스가 포함됐다.수원팔색길 백미 여우길하천 위 징검다리를 건너는 수원팔색길.여덟 개의 색이 있다고 해 ‘팔색길’이란 이름이 붙었다. 일색(一色)인 모수길부터, 지게길, 매실길, 여우길, 도란길, 수원둘레길, 효행길, 화성성곽길까지 다양한 매력을 품고 있다. 여우길이 백미로 꼽는다. 광교저수지와 원천저수지를 지나는 길로, 실제 여우가 살았던 곳이라서 붙여진 이름이다. 영통구 광교공원에서 출발해 경기대학교 수원캠퍼스, 광교 역사공원, 원천저수지, 여우골숲길, 봉녕사, 경기대학교를 거쳐 다시 광교공원으로 회귀하는 순환형 코스다. 총거리 10.7㎞로 다소 긴 편이지만 녹음이 하늘을 채우는 여우숲 숲속 산책로를 거니는 등 코스가 다채롭다.갈맷길 1-2코스코로나19로 야외 활동을 자제하면서 답답함을 느낄 때 준비 없이 떠나도 좋은 ‘집 근처 길’을 가볍게 걸어보는 것도 좋다. 매일 지나치는 길이지만 여유를 갖고 차분히 걷다 보면 예상하지 못했던 풍경을 만나게 된다. 사진은 부산 갈맷길 1-2코스 가운데 송정해수욕장으로 이어지는 대나무길. 한국관광공사 제공기장군청을 시작으로 달맞이길, 문탠로드까지 이어진다. 출발지와 도착지에는 인증대가 있어 재미 삼아 도장을 찍어 보관하기에도 좋다. 기장군청에서 죽성만으로 이어지는 산길은 인도가 좁으니 주의하며 걸어야 한다. 구불구불한 산길을 걸어 대변항으로 나가면 전형적인 어촌 마을의 모습이 보인다. 암벽 위의 작은 정자인 오랑대는 거친 파도와 어우러진 절경을 경험할 수 있는 뷰 포인트니 놓치지 말 것. 해동용궁사는 고려시대 가뭄으로 근심하던 백성들을 위해 지어졌으며 바다 위에 있는 듯한 개방감을 준다. 서퍼들의 성지 송정해수욕장을 지나면 봄에는 벚꽃길, 가을에는 단풍길이 펼쳐지는 달맞이길에 도착한다. 총 6시간 정도 걸리는 긴 코스다. 달맞이길 언덕에서 시원한 커피 한 잔을 마시면 걷기 여행은 마무리된다.의성읍 둘레길의성 종합운동장에서 시작해 구봉공원과 남대천, 전통시장을 거쳐 다시 종합운동장으로 돌아오는 약 7.5㎞의 순환형 길이다. 숲속 길과 하천, 논길, 도심을 두루 거치지만 동네 산책하듯 걸을 수 있는 평탄한 코스다. 다만 지난 장마 때 많은 비로 인해 하천 쪽 길이 중간중간 유실돼 있어 안전에 유의해야 한다. 코스 중 돌다리를 건너야 하는 길이 나오는데 전날 비가 많이 내리면 건널 수 없다. 꽃이 피거나 단풍이 들면 주민들의 꽃놀이, 단풍놀이 명소가 된다. 사계절 멋진 길을 볼 수 있는 두충나무길 역시 놓칠 수 없는 풍경으로, 의성읍 둘레길의 하이라이트라고 할 수 있다. 의성 하면 빠질 수 없는 게 마늘인데, 길 막바지에 위치한 전통시장 주변으로 마늘을 활용한 다양한 음식을 맛볼 수 있는 식당들이 많다.호랑산 둘레길둘이 나란히 걷기에 벅찰 정도로 아담한 호랑산 둘레길의 오솔길.여수산단 근처에 솟은 호랑산은 예부터 인근 주민과 등산객이 자주 찾는 산이다. 산세가 높지 않아 부담스럽지 않게 오를 수 있으며, 정상에서 여수산단을 비롯해 주변 풍경을 한눈에 내려다볼 수 있다는 점이 특징이다. 과거 신라의 화랑들이 무예를 갈고 닦았던 곳이라 해 ‘화랑산’이라고 불렸으나 후에 ‘호랑산’으로 개칭됐다. 정상부의 호랑산성에서는 통일신라시대의 유물이 발견됐다. 둘레길은 호랑산의 중턱을 따라 크게 한 바퀴 도는 걷기 여행길이다. 7개 코스 13㎞로, 다양한 매력을 뽐낸다. 울창한 편백 숲이 이어지는 곳이 있는가 하면, 대나무 숲 사이로 아담한 오솔길이 굽이굽이 뻗어나가기도 한다. 여수 각 지역으로 흘러드는 물줄기가 흐르는 계곡과, 원시림을 방불케 하는 숲길도 만난다. 7개 코스를 완주하는 데 걸리는 시간은 약 4~5시간이다. 천천히 거닐어볼 수 있도록 길 곳곳에 다양한 쉼터가 마련돼 있다.정읍사 오솔길 2코스현존하는 유일한 백제가요 ‘정읍사’를 테마로 하는 ‘정읍사 오솔길’ 중 2코스는 내장호를 둘러싼 황톳길과 조각공원, 내장 생태공원을 연결하는 수변 데크길이다. 내장산 문화광장에서 시작해 내장호를 한 바퀴 둘러 출발 지점으로 돌아오는 전체 약 4.5㎞ 코스니 보통 성인 걸음으로 1시간 30분 정도 소요된다. 초반에는 자전거길이지만 둑 위로 올라가서부터는 수많은 단풍나무 사이를 걷는 수변 데크길이 이어진다. 중간 중간 풍경을 보며 쉴 수 있는 공간들이 잘 조성돼 있다. 한여름에는 백양사 부근에만 핀다고 전해지는 백양 상사화를 볼 수 있으며, 10월 중순 이후에는 붉게 물든 단풍이 아름다운 곳이다. 코스 중반에서는 내장산 조각공원(재생 식물원)을 만날 수 있어 시간이 되면 둘러보는 것도 좋겠다. 조각공원에서 도보로 약 5분 거리엔 내장산 단풍테마랜드가 있다. 단순히 도심을 둘러싼 큰 호수를 걷는 것뿐 아니라 다양한 테마의 공원을 지나친다는 것이 이 코스의 가장 큰 장점이다.남호철 여행전문기자 hcnam@kmib.co.kr▶ 네이버에서 국민일보를 구독하세요(클릭)▶ 국민일보 홈페이지 바로가기GoodNews paper ⓒ 국민일보(www.kmib.co.kr), 무단전재 및 재배포금지
	
"
생활/문화,"파리에선 불가능한 당일치기 등산, 그 매력에 푹 빠졌습니다",https://news.naver.com/main/read.nhn?mode=LSD&mid=shm&sid1=103&oid=047&aid=0002287248,"




[사진작가 호맹의 한국 풍경 촬영기] 관악산 문원폭포파리 근교 출신이지만, 지금은 서울에서 살고 있는 프랑스인 사진작가 호맹(boulesteixromain)이 한국 풍경 촬영기를 연재합니다. 다양한 풍경 사진은 물론, 이에 담긴 이야기를 공유하고 싶습니다. <기자말>[호맹 사진작가]파리 근교 일드프랑스에서 나고 자랐지만 전체 일생의 3분의 1 이상을 서울에서 보내고 있는 나는 멋진 자연 풍경을 렌즈에 담아내는 것에 가장 큰 매력을 느끼는 사진작가다. 물론 일을 하다 보면 인테리어나 제품 사진을 찍는 경우가 훨씬 많다. 하지만, 동시에 높은 산이나 건물의 옥상에 올라가 일출과 일몰이 자연이나 도시와 함께 만들어내는 하모니를 포착하기도 한다. 나는 이 일을 10년 넘게 개인 프로젝트로 진행해 오고 있다. 처음 서울에 왔을 때 이 나라와 도시 자체도 낯설었지만, 개인적으론 사진작가로서의 활동을 이제 막 시작하던 중이었다. 모든 풍경이 새로웠으며 빨리 이 멋진 자연 풍광, 그리고 일출과 일몰을 아름답게 찍어야겠다는 욕심이 넘쳤다. 풍경 촬영 전에는 높은 건물의 옥상이나 산, 대교 등에 올라가 보는 답사가 꼭 필요하다.열정이 넘치던 나는 어떻게든 빨리 어떤 사진사도 가보지 못했을 법한 뷰 포인트를 찾고, 비슷한 풍경을 찍더라도 누구보다도 새로운 시각으로 이를 보여주겠다는 집념에 사로잡혀 정말 여기저기 올라다녔다. 특히 서울 시내 및 근교에 위치한 산은 물론 봉까지 전망이 좋아 보이는 곳은 꼭 올라야만 했다. 한국은 도시 근처에 작은 산이 많아 매력적이다. 가끔 끝도 없이 이어지는 알프스 산맥의 스키 슬로프, 2주간의 피레네 산맥 하이킹과 호텔에서의 꿀맛 같았던 식사를 생각하면 유럽이 그리워지기도 한다. 하지만 한국, 특히 서울의 비교적 낮은 산은 큰 부담없이 오를 수 있어 좋은 데다, 풍경을 한눈에 담을 수 있고, 산 입구까지도 지하철만으로 아주 편하게 닿을 수 있으니 등산을 좋아하는 사진작가로서는 정말 행운이다.파리를 기준으로 당일치기 몇 시간 만에 등산을 다녀온다는 건 거의 불가능이다. 물론 차로 네 시간 정도 이동하면 천 미터도 채 안 되는 산에 닿을 수 있긴 하지만... 제대로 된 등산을 즐기려면 이미 몇 달 전부터 기차표는 물론 차 렌트, 숙소 등등 모두를 큰돈 들여 예약해놔야 한다!                ▲  나의 개인 홈페이지에 업로드한 풍경사진 스크린샷. 한국 사진이 압도적으로 많긴 하지만 고향에 갈 때마다 찍은 프랑스의 풍경 사진도 꽤 있고, 확실히 각기 대조되는 매력을 풍긴다. 시계방향으로 DDP, 여의도 불꽃축제, 성산 일출봉, 경복궁 경회루, 동대문, 경상북도 보은, 에즈(프랑스 남부지방 마을), 건국대에서 바라본 서울 풍경, 가운데에는 프랑스의 샤모니 몽블랑(Chamonix Mont Blanc).            ⓒ boulesteixromainfrederic  10년 넘게 이렇게 한국의 풍경을 찍다 보니 해볼 만큼 해봐서일까, 아니면 반복되는 작업에 좀 지쳐서일까? 불현듯 이제 좀 변화가 필요하다는 생각을 하게 되었다. 올해 들어 풍경사진을 찍는 관점을 바꾸기 시작했다.사진은 풍경만을 보여주는 과정이 아니라, 나 자신을 찾는 작업임을 오랜 기간에 걸쳐 깨닫기도 한 터다. 남들보다 좋은, 남들과 다른 풍경을 담아내겠다는 욕심에서 급하게 뛰어다닌 모든 발걸음에는 나의 불안함이 스며 있었다. 물론 그 과정이 엄청 신나긴 했지만!올해부터 나는 나만의 스타일을 찾아 이를 성장시키기 위해 촬영의 모든 과정에서 의미를 찾고, 또 배우고자 하고 있다. 정상에서 최종적으로 찍게 될 사진의 프레임에만 나를 가두지 않고, 그 과정에서 만나는 모든 풍경에 가능성을 열어두며 좀 더 천천히, 더 풍부하게 즐겨보고자 하는 것이다.현명하며, 인내심 있고, 결과만큼 작업 과정에도 충실한 사진작가가 되기! 이를 목표로 나의 촬영 여정을 당신과 함께 나누며 나의 새로운 프로젝트를 선보이고자 한다. 처음 소개하고자 하는 풍경은 지난 8월, 정말이지 싱그러웠던 여름날 찾았던 관악산 문원폭포다. 거칠지만 우아한, 문원폭포의 다채로운 얼굴 나는 매년 여름 산을 이곳저곳 찾아 폭포 촬영을 한다. 생각보다 폭포 물이 말라 있어 좋은 촬영이 되지 못했던 경우가 부지기수다. 그런데 올여름에는 비가 너무 많이 왔다. 한국에서 생활하며 가까이서 접한 홍수는 2011년 우면산 산사태뿐이었는데, 올해에도 크고 작은 비 피해 소식을 듣고 마음이 아팠다. 비가 살짝 잦아들었을 때 문원폭포를 찾았다. 자연이란 '연악한 괴물'이 태연히 거센 물줄기를 콸콸 내뿜는 동안, 계곡은 물길 따라 찰랑찰랑 흐르고 있었다. 관악산에 위치한 문원폭포는 지하철 과천정부청사역에서 15분 정도 걸으면 시작되는 등산 코스를 따라 20분 정도만 더 가면 만날 수 있다. 사실 등산로는 두 개가 있는데 그중 더 낮은 1등산로를 선택한다면 편안한 하이킹을 즐길 수 있긴 하나 사진 찍는 사람 입장에서 특별히 매력적이진 않다. 대신 좀 더 높은 2등산로는 완전히 다른 매력을 준다, 그야말로 장엄하다!              ▲  이 아름다운 장관을 보라, 벌써부터 달려가고 싶지 않은가?            ⓒ boulesteixromainfrederic  사실 전에도 이 폭포에 와 본 적이 꽤 있다. 나름 자주 왔던 이유는, 폭포를 더 아름답게 만드는 주변 환경이 아주 다양하게 존재하기 때문이다. 폭포의 물줄기가 시작되는 꼭대기의 모습은 전형적인 중간 사이즈의 폭포처럼 느껴질 수 있다. 하지만 그 아래로 눈을 살짝 돌려보자. 폭포가 바위의 등을 타고 지그재그 춤추며 일련의 곡선을 만들어가는 이 모습은 특히 우아하다.폭포 자체가 온전히 포효하는 에너지와 이런 우아함을 동시에 목격하다 보면 그야말로 자연의 기적적인 '수완' 같다. 물줄기가 수많은 표면에 부딪치며 어마어마하게 큰 소리를 내뿜는 순간, 이 곡선은 올여름 그 화나 있던 '장맛비 괴물'보다는 왈츠를 추는 발레리나의 모습에 가깝다.                ▲  나무와 바위가 폭포를 담아내고있는 모습이 맘에 든다. 이 구도의 촬영 중 단연 맘에 들었던 사진.            ⓒ boulesteixromainfrederic                ▲  올해 우기가 아닌 날 찍었던 이 폭포의 사진. 평범한 여름날엔 건조하고 안개가 끼어 ‘노쇠한’ 모습이다.            ⓒ boulesteixromainfrederic                ▲  물줄기가 만들어내는 우아한 곡선을 좀 더 가까이서 보여주는 사진.            ⓒ boulesteixromainfrederic  한국에 오기 전, 나는 한국의 폭포를 떠올리며 막연히 높고, 물줄기가 곧고 세차게 퍼부어지는 절벽과 깊고 푸르른 웅덩이만을 상상했다. 하지만 이는 한국 폭포의 극히 일부였다!대부분의 폭포는 숲속에 숨어 있으며, 대부분 아주 높지도 않고, 물줄기는 직선으로 떨어지지 않는다. 대신 경사진 바윗면이 적당한 각도를 만들어냄으로써 폭포 물이 곧바로 떨어지지 않고 좀 더 부드럽게 흐르게끔 한다. 이는 마치 거친 바윗면이 이를 타고 흐르는 물과 함께 만들어낸 혈관 같기도 하다.               ▲  물살이 돌에 부딪쳐 만들어내는 패턴도 멋지지만, 이 구도에서는 폭포 위의 또 다른 폭포처럼 보이지 않는가? ？            ⓒ boulesteixromainfrederic  거센 물줄기와 단단한 바위가 만들어내는 풍경만이 전부가 아니다. 폭포 주변을 에워싸고있는 식물은 또 다른 감상 포인트다.               ▲  이 사진은 사실 별로 맘에 들지 않는다. 사진에 보이는 끈적끈적한 바윗면을 지나 다른 식물과 곁들여 이 노란 꽃을 담아보려 했지만 카메라와 함께 이동시 미끄러질 위험이 컸기에 이 꽃에 주인공 자리를 내주었다.            ⓒ boulesteixromainfrederic  또, 식물만 있는 건 아니다. 올여름 한국에 쏟아진 어마어마한 양의 비로, 이곳저곳에서 피어나는 버섯을 아주 많이 볼 수 있었다.               ▲  산에서 발견한 이 버섯은 어떤 종류인지 잘 모르겠네요, 어떤 종류인지 아는 분이 있다면 가르쳐 주세요!            ⓒ boulesteixromainfrederic                ▲  이 사진은 생기넘치던 계곡을 떠나, 관악산 등산로에 숨어있던 한 우물을 포착한 것이다.             ⓒ boulesteixromainfrederic  이번 폭포 촬영에서 나는 꽤 직선적으로, 있는 그대로를 보기 쉽게 담아봤다. 하지만 마지막 사진에서는 살짝 예술적인 느낌을 주고 싶었다. 흑백사진 촬영 전문가는 아니지만, 이 사진을 통해 좀 더 다른 미학을 추구해보고, 나의 스타일을 좀 더 넓혀보고자 했다.흑백 사진을 통해 연출할 특별한 질감, 그림자 등 친근한 아이템을 찾아 헤맸고 그 결과가 사진 속의 바위다. 깊이 패인 물줄기가 아무리 바위를 때려부수려 한들, 지금도 아주 굳건히 이 자리를 지키고 있다. 이 바위는 오랜 기간 이 곳을 지킬 것으로 보인다. 이렇게 장마가 끝날 때까지 끊임없이 계곡물을 반으로 가르며. '회복력(resilience)'에 대한 시를 읊으며.*문원폭포에 방문하고 싶다면 등산로 영상 링크를 클릭해주세요!*원고 번역 및 편집 : 김혜민저작권자(c) 오마이뉴스(시민기자), 무단 전재 및 재배포 금지덧붙이는 글 | 사진작가 호맹의 홈페이지 호맹포토(http://www.romainphoto.com)의 Blog에 문원폭포는 물론, 다양한 풍경사진 촬영기가 영어로 작성되어 있습니다. 인스타그램(@romainphoto_outside)에는 하이킹 사진 외에 더 많은 한국의 풍경 사진이 담겨있으니 많이 많이 들러서 감상해주세요!▶오마이뉴스 채널 구독하기▶교사·학부모 필독서 《삶을 위한 수업》▶오마이뉴스에서는 누구나 기자가 될 수 있어요

"
세계,미군 수뇌부 줄줄이 ‘격리’…트럼프 “독감보다 덜 위험”,https://news.naver.com/main/read.nhn?mode=LSD&mid=shm&sid1=104&oid=056&aid=0010912410,"




 [앵커]미국은 국방부 회의에 참석한 군 고위간부가 확진 판정을 받으면서, 같이 회의했던 합참의장 등 군 수뇌부가 줄줄이 자가격리에 들어갔습니다.백악관 고위 참모들의 확진도 잇따르고 있는데, 트럼프 대통령은 ""독감으로도 10만 명이 숨진다며 대부분 사람들이 코로나19로 치명적인 위협을 받지 않는다""고 말했습니다.워싱턴에서 금철영 특파원이 보도합니다. [리포트] 밀리 합참의장과 육·해·공 3군 총장, 우주작전 사령관까지 미군 최고위 장성들이  줄줄이 자가 격리에 들어갔습니다. 지난주 국방부 회의에 참석한 해안 경비대 부사령관이 코로나19 확진 판정을 받았기 때문입니다. 미 국방부는 군 수뇌부가 대체 사무공간에서 정상근무 중이고, 임무수행과 작전, 대비태세 모두 이상이 없다고 했습니다. 워싱턴 포스트 등 미 언론들은  지난달 27일 순직장병 추모행사, 그리고 그 전날 있었던 배럿 판사의 대법관 지명식이 군 수뇌부 격리사태에도 영향을 미쳤을 것이란 분석을 내놓고 있습니다. 모두 백악관에서 열렸고 마스크 착용과 거리 두기 찾아보기 힘들었는데, 27일 행사에 해안경비대 부사령관이 참석했기 때문입니다. 이런 가운데 백악관에선 반 이민정책 설계자이자 트럼프 대통령 측근인 밀러 선임보좌관이 확진 판정을 받았습니다. 트럼프 대통령이 군병원에서  돌아온지 하루만인데, 지금까지 확진 판정 받은 백악관 참모와 측근은 10명이 넘습니다. 트럼프 대통령은  ""일반 독감으로도 해마다 10만 명 이상이 죽는다면서 대부분 코로나19로  치명적인 위협까지 받진 않는다""고 했습니다. [도널드 트럼프/美 대통령 : ""한 가지 분명한 것은 코로나19가 당신 삶을 지배하게 두지 말라는 것이죠. 두려워하지 않아도 됩니다.""]트럼프 대통령은 오는 15일 예정된 2차 TV 토론도 기대된다고 했지만 민주당 바이든 후보는 안전 확보되지 않는 한 토론은 없다는 입장입니다. 워싱턴에서  KBS 뉴스 금철영입니다.▶ ‘ 코로나19 현황과 대응’ 최신 기사 보기http://news.kbs.co.kr/news/list.do?icd=19588금철영 (cykum@kbs.co.kr)▶ ‘코로나19 팩트체크’ 제대로 알아야 이긴다▶ 데이터로 본 아동학대…7년 간 무슨 일이? KBS 데이터룸▶ 더 빠르고 정확한 소식을 원하시면 KBS뉴스 구독!

"
세계,"트럼프, '집단면역'에 뒤늦게 열광하지만... 조용히 내려놓는 스웨덴",https://news.naver.com/main/read.nhn?mode=LSD&mid=shm&sid1=104&oid=469&aid=0000542166,"




스톡홀름 중심 확진자 급증하며 방역 강화코로나19 100만명당 사망자 유럽서 4번째안데르스 텡넬 스웨덴 공공보건청장이 6일 스톡홀름에서 코로나19 관련 기자회견을 하고 있다. 스톡홀름=EPA 연합뉴스신종 코로나바이러스 감염증(코로나19)에 느슨하게 대처하며 '집단면역' 논란을 일으킨 스웨덴이 방역 강화 쪽으로 기울었다. 진단ㆍ추적 관리를 강화하기 시작했고, 의료진에 한정했던 밀접 접촉자 격리 지침도 일반 대중으로 확대했다. 도널드 트럼프 미국 대통령이 만지작거리고 있는 '스웨덴식 집단면역'이 정작 자국에서는 버려지는 카드가 되고 있는 셈이다.국제학술지 사이언스는 6일(현지시간) ""스웨덴이 코로나19 진단검사 속도를 노르웨이 수준으로 끌어올리며 인접국의 방역 정책에 보조를 맞추는 등 조용히 접근 방식을 바꾸고 있다""고 전했다. 그러면서 ""스웨덴의 (집단면역) 실험이 끝나가고 있다""고 평가했다. 앞서 지난 1일 스웨덴 공공보건청은 코로나19 확진자의 가족은 증상이 없더라도 7일간 자가격리해야 한다는 새 지침을 발표했다. 이전까지 접촉자 격리 지침은 보건의료 종사자에게만 적용됐다. 또 인후통 등 감기 증상의 경우에도 진단검사를 받으라고 권고했다.스웨덴은 코로나19 사태 초기부터 안팎의 비판을 감수한 채 강력한 봉쇄 대신 느슨한 방역 대책을 고수해 왔다. 집단면역을 공식적인 정책으로 내세우지는 않았지만 언론을 통해 공개된 안데르스 텡넬 공공보건청장의 이메일에는 그가 집단면역을 목표로 삼고 있는 듯한 내용이 담겨 논란이 됐다.코로나19 집단면역 형성 기준은 인구의 40~70%로 알려져 있다. 당연히 백신의 도움 없이는 사망률이 높을 수밖에 없다. 이날 현재 스웨덴의 누적 사망자는 5,880여명으로 인구 100만명당 사망자 수가 유럽에서 스페인ㆍ영국ㆍ이탈리아 다음으로 많은 580명대다. 일일 신규 확진자는 꾸준히 하락해 지난달 초엔 진단검사 중 양성률이 1.2%까지 떨어지기도 했지만, 최근 들어 확진자가 늘고 있다. 수도 스톡홀름에선 지난주 신규 감염자가 지난달 둘째주 대비 3배 가까이 급증했을 정도다. 사이언스는 ""한 때 확산세가 주춤한 것은 도심을 떠나 별장으로 길게 휴가를 떠나는 스웨덴식 여름휴가 전통에서 기인한 것""이라고 분석했다.이에 따라 집단면역 실험의 실패를 인정하는 듯한 스웨덴 정부 관계자들의 발언도 잇따르고 있다. 텡넬 공중보건청장은 이날 기자회견에서 ""최근의 확산세가 다른 유럽 국가들처럼 극적이진 않지만 서서히 잘못된 방향으로 가고 있는 건 확실하다""고 말했다. 토르비외른 솔스트룀 영국주재 대사는 ""정부가 요양원 집단감염 등 약자 보호에 실패한 이유와 어떻게 다르게 조치했어야 하는지 살펴보고 있다""고 밝혔다.그러나 새로운 가족 접촉자 자가격리 지침조차도  9학년(한국의 중학교 3학년)까지의 아동ㆍ청소년은 제외시키는 등 스웨덴의 방역 정책은 여전히 느슨해 과학계의 찬반 논란이 계속되고 있다. 괴란 한손 스웨덴 왕립과학원 사무총장은 ""공공보건청은 국내외 과학계의 목소리에 좀 더 귀기울여야 한다""고 지적했다.스웨덴이 사실상 집단면역 전략을 폐기하고 있는 가운데 코로나19에 감염된 트럼프 미국 대통령은 조기퇴원 당일 보건복지부 장관, 의학고문 등과 집단면역 관련 회의를 열었다. 앤드루 유잉 스웨덴 예테보리대 교수는 ""다른 나라에서 스웨덴식 전략을 따라할까 걱정""이라며 ""이미 우리는 너무나 값비싼 대가를 치렀다""고 말했다.김소연 기자 jollylife@hankookilbo.com▶ 네이버 채널에서 한국일보를 구독하세요!▶ [정치채널X] [뉴스보야쥬] [넷따잡] [뷰잉] 영상보기▶ 한국일보닷컴 바로가기

"
세계,[뉴스브리핑] 어린 딸 셋 태우고 '음주 돌진'…엄마 체포,https://news.naver.com/main/read.nhn?mode=LSD&mid=shm&sid1=104&oid=437&aid=0000249249,"



동영상 뉴스




1. 대만 고속도로에 불법 스쿠터…넘어지자 '10중 추돌'스쿠터 한 대가 고속도로를 달립니다. 고속도로에서 스쿠터를 모는 건 불법인데, 경찰의 '멈추라'는 경고에도 스쿠터 운전자는 꼼짝하지 않지요. 차선을 바꾸며 곡예 운전을 하던 스쿠터 운전자는 결국, 도로 한 쪽으로 넘어졌고, 뒤따라오던 차 열 대가 줄줄이 부딪히는 큰 사고로 번졌습니다. 순식간에 고속도로는 이렇게, 아수라장이 됐는데요. 지난 5일 대만에서 발생한 이 사고로 스쿠터 운전자가 크게 다쳤고, 네 명이 가벼운 부상을 입었습니다.2. 미국서 어린 딸 셋 태우고 '음주 돌진'…엄마 체포빠르게 달려오던 SUV 차량이 한 가정집 마당으로 돌진합니다. 기울어진 차량은 그대로 날아올라 뒷마당을 들이박습니다. 현지시간 지난 4일 미국 롱아일랜드의 한 주택가에서 벌어진 일인데요. 술에 잔뜩 취한 엄마가 아이들을 태운 채 이런 사고를 낸 겁니다. 당시 차에 타고 있던 네 살, 다섯 살, 여덟 살인 세 딸은 다행히 다치지 않았습니다. 경찰은 이 여성을 음주운전과 자녀들을 위험에 빠뜨린 혐의로 체포했습니다.3. 아제르바이잔 도심에 미사일 공격…불발탄 꽂히기도건물의 벽과 창문이 순식간에 무너져 내리고 불꽃이 인 건물은 금세, 뿌연 연기에 휩싸입니다. 현지시간 지난 4일 아르메니아군이 아제르바이잔 간자 시내 한복판에 미사일을 떨어뜨린 모습인데요. 터키 국영 방송국인 TRT가 영상을 입수해서 공개했습니다. 아제르바이잔 마을에선 아르메니아군이 발사한 걸로 추정되는 폭발하지 않은 로켓의 흔적들도 발견됐습니다. 지난달 27일 시작된 아르메니아와 아제르바이잔의 무력 충돌로 현재까지 2백2십여 명이 숨졌다고 외신은 전했습니다.4. YG ""블랙핑크 뮤비 문제 장면 모두 삭제할 것""걸그룹 '블랙핑크'의 새 뮤직비디오에서 이 장면이 없어집니다. 실제 복장과 거리가 있는 이런 모습이 간호사를 비하했단 비판이 일자, 소속사 'YG 엔터테인먼트'는 문제가 된 장면들을 빠른 시간 안에 모두 삭제하겠다고 밝혔습니다. ""오랜 시간 준비하면서 논란을 예상하지 못했던 점에 무거운 책임감을 느낀다""며 간호사들에게 사과를 전했습니다. 이에 대한간호협회는 ""특정 성별이나 직업을 성적으로 대상화하는 풍토에 경종을 울리는 계기가 되길 바란다""고 했습니다.5. 칠레 도로 바다코끼리…'영차영차' 바다 귀환 대작전지느러미로 힘껏 땅을 디디며, 빠르게 어두운 골목길을 기어갑니다. 지난 5일, 칠레의 한 해안가 마을에 '바다코끼리'가 나타난 건데요. 수십 명의 마을 주민들이 '방수포'를 들고나와서 '바다코끼리'가 바다로 무사히 돌아갈 수 있도록 이렇게 도왔습니다.안나경 앵커 (ahn.nakyung@jtbc.co.kr)▶ 뉴스의 뒷이야기! JTBC 취재설명서▶ 시청자와 함께! JTBC 뉴스 제보하기▶ 네이버에서 JTBC 뉴스 채널 구독하기Copyright by JTBC(http://jtbc.joins.com) All Rights Reserved. 무단 전재 및 재배포 금지
	
"
세계,"이란 대통령 ""아제르·아르메니아 교전 '지역 전쟁' 비화 우려""",https://news.naver.com/main/read.nhn?mode=LSD&mid=shm&sid1=104&oid=001&aid=0011928370,"




""갈등·유혈사태로는 해결 못해…누구에게도 이롭지 않은 전쟁""하산 로하니 이란 대통령 [로이터=연합뉴스 자료사진](이스탄불=연합뉴스) 김승욱 특파원 = 아제르바이잔과 아르메니아 간 교전에 대해 하산 로하니 이란 대통령이 ""지역 전쟁""으로 비화할 가능성을 우려했다.    이란 국영 IRNA 통신에 따르면 로하니 대통령은 7일(현지시간) 국무회의에서 ""아제르바이잔과 아르메니아 간 갈등은 즉시 중단돼야 하며 인근 지역으로 확산하는 일이 없어야 한다""고 말했다.    아제르바이잔과 아르메니아는 지난 달 27일부터 분쟁지역인 '나고르노-카라바흐'를 놓고 교전 중이며, 이란 북부는 이 두 나라와 접해있다.    로하니 대통령은 ""갈등과 유혈사태로 해결될 수 있는 것은 아무 것도 없다""며 ""이 전쟁은 누구에게도 이롭지 않을 것""이라고 강조했다.    그러면서 ""이란은 시리아나 다른 지역에서 테러 조직원을 이란 국경 인근(나고르노-카라바흐)으로 보내는 것을 용납할 수 없다""며 ""최우선 과제는 우리 도시와 마을의 안전""이라고 덧붙였다.    이 발언은 아제르바이잔을 지원하는 터키가 시리아 용병을 나고르노-카라바흐에 투입했다는 의혹이 제기된 데 따른 것이다.    터키는 같은 튀르크계 국가인 아제르바이잔을 군사·경제적으로 지원해왔다.    아르메니아와 러시아·프랑스는 터키가 아제르바이잔을 지원하기 위해 시리아 용병을 파견했다고 비판했으나, 터키는 이를 부인하고 있다.    그러나 터키는 ""아제르바이잔이 지원을 요청할 경우 주저하지 않고 도울 것""이라며 공개적으로 지원 의사를 나타내고 있다.    나고르노-카라바흐는 아제르바이잔과 아르메니아가 옛 소련의 구성국이던 시절 아르메니아계 주민이 다수인 아제르바이잔 영토였다.    소련이 붕괴하자 나고르노-카라바흐는 독립공화국을 설립한 뒤 아르메니아와 통합하겠다고 선포했으나, 아제르바이잔이 이를 거부하면서 양측은 1992∼1994년 전쟁을 치렀다.    전쟁 결과 나고르노-카라바흐는 국제법적으론 아제르바이잔 영토지만 실효적으론 아르메니아가 지배하는 분쟁지역으로 남았으며, 미승인국 '나고르노-카라바흐 공화국'은 2017년 '아르차흐'로 명칭을 바꾸었다.    kind3@yna.co.kr▶코로나19 속보는 네이버 연합뉴스[구독 클릭]▶[팩트체크]'트럼프 비타민' 코로나에 효과?▶제보하기

"
세계,태풍이 할퀸 유럽…묘지 훼손되고 시신 수백구 떠내려가,https://news.naver.com/main/read.nhn?mode=LSD&mid=shm&sid1=104&oid=437&aid=0000249242,"



동영상 뉴스




[앵커]닷새 전, 태풍 '알렉스'가 프랑스와 이탈리아 국경 지역을 강타했는데요. 지금까지 10명 넘게 숨지고 20여 명이 실종됐습니다. 공동묘지까지 파헤쳐지면서 시신이 떠내려가는 처참한 현장도 있습니다.윤샘이나 기자입니다.[기자]묘지 곳곳이 파헤쳐졌습니다.땅이 무너져 내린 탓에 비석만 남기도 했습니다.닷새 전 태풍 '알렉스'가 강타한 흔적입니다.불어난 강물에 묘지가 망가져 시신 150구 이상이 20킬로미터 이상 떠내려간 것으로 전해졌습니다.해변과 주택가 곳곳에서 시신이 발견됐는데, 부패 상태로 미뤄볼 때 무덤 속 시신으로 구별됐습니다.[샹탈 보생/주민 : 우리는 이제 무덤 앞에서 조의를 표할 수 없게 됐어요. 강 옆에 있어서 아무것도 남지 않았어요. 묘지를 재건할 수도 없게 됐습니다.]현지시간으로 지난 2일, 하루 동안 6백 밀리미터가 넘는 비가 퍼부으면서 수해가 났습니다.프랑스와 이탈리아 국경 지역을 덮친 건데, 프랑스 대표 휴양지인 니스가 있는 남동부와 이탈리아 북서부 지역이 피해를 입었습니다.문자 지금까지 모두 12명이 숨졌고 20여 명이 실종됐습니다.나무가 부러지고 흙더미가 쌓이면서 접근이 어려운 곳이 많습니다.헬리콥터를 타고 수색 중입니다.(영상디자인 : 조영익 / 영상그래픽 : 김정은)윤샘이나 기자 (stitch@jtbc.co.kr) [영상편집: 원동주]▶ 뉴스의 뒷이야기! JTBC 취재설명서▶ 시청자와 함께! JTBC 뉴스 제보하기▶ 네이버에서 JTBC 뉴스 채널 구독하기Copyright by JTBC(http://jtbc.joins.com) All Rights Reserved. 무단 전재 및 재배포 금지
	
"
IT/과학,"노벨 화학상 수상한 50대 여성 화학자들, 그들은 누구",https://news.naver.com/main/read.nhn?mode=LSD&mid=shm&sid1=105&oid=584&aid=0000010821,"




샤르팡티에 독일 막스플랑크연구소 교수와 제니퍼 다우드나 미국 버클리 캘리포니아대 교수2015년 브레이크스루상을 받을 당시 제니퍼 다우드나 미국 버클리 캘리포니아대 교수(왼쪽)과 에마뉘엘 샤르팡티에 독일 막스플랑크연구소 교수의 모습이다. 두 교수는 크리스퍼 유전자 가위를 개발한 공로로 올해 노벨상을 비롯한 각종 상들을 휩쓸어 왔다. 브레이크스루재단 제공    올해 노벨화학상은 생명의 신비를 담은 DNA를 마음대로 잘랐다가 붙이는 유전자 교정 도구인 크리스퍼 유전자 가위를 개발한 2명의 여성 화학자에게 돌아갔다. 스웨덴 왕립과학원 노벨상위원회는 7일(현지시간) 올해 노벨화학상 수상자로 에마뉘엘 샤르팡티에 독일 막스플랑크연구소 교수와 제니퍼 다우드나 미국 버클리 캘리포니아대 교수를 선정했다고 발표했다. 두 교수는 노벨상 역사상 6번째와 7번째 여성 화학상 수상자가 됐다.   샤르팡티에 교수는 1968년 프랑스 쥐비시쉬르오르주에서 태어났다. 1992년 프랑스 피에르마리퀴리대에서 생화학과 유전학 학사 학위를 받고 1995년 파스퇴르연구소에서 박사 학위를 받았다. 1996년부터 미국 록펠러대, 뉴욕대, 세인트주드 어린이병원, 뉴욕 스커발연구소, 오스트리아 비엔나대, 스웨덴 우메아대 등을 거친 후 2015년부터 막스플랑크연구소 교수로 일했다.   샤르팡티에 교수는 2016년 한국분자세포생물학회 기조강연 연사로 초청돼 방한한 후 가진 동아사이언스와 인터뷰에서 “대학원 시절을 포함해 25년간 5개국, 9개 연구소를 떠돌며 비정규직 연구원으로 일했다”며 “크리스퍼를 발견하기 2년 전에는 레스토랑을 차릴 생각을 할 만큼 힘들었다”고 회고했다.   그의 어려웠던 생활을 한번에 바꿔준 것이 이번에 노벨상을 안겨준 유전자가위다. 샤르팡티에 교수는 “당시 연구비가 다 떨어진 상태에서 학회에서 우연히 만난 다우드나 교수에게 밑져야 본전이라는 생각으로 e메일을 보내 도움을 청했다”며 “운 좋게 그와 함께 연구하게 됐고 크리스퍼도 개발할 수 있었다”고 말했다.   다우드나 교수는 1964년 미국 워싱턴DC에서 태어났다. 이후 7살 때 하와이로 옮겨 가 자연에 대한 호기심을 갖게 됐다고 한다. 다우드나 교수가 13세일 때 아버지가 그에게 DNA를 발견한 제임스 왓슨이 쓴 ‘이중 나선’을 선물했다고 한다. 1985년 미국 포모나칼리지를 졸업한 후 1989년 하버드의대에서 박사 학위를 받았다. 1994년 예일대 교수로 부임한 후 2002년 남편인 제이미 케이트 화학과 교수가 있는 버클리 캘리포니아대로 옮겼다.   다우드나 교수는 올해 3월 신종 코로나바이러스 감염증(COVID-19·코로나19) 발발 이후 230제곱미터 규모의 실험실을 하루에 3000건 이상 코로나19 진단이 가능한 시설로 전환하기도 했다. 다우드나 교수가 2018년 창업한 맘모스 바이오사이언스는 크리스퍼 유전자 가위 기술을 이용해 기존 역전사-유전자증폭(RT-PCR) 방식보다 빠른 코로나19 진단기술을 개발했다고 4월 발표하기도 했다.   두 교수는 노벨상의 전초전으로 불리는 울프상을 올해 수상하기도 했다. 울프상은 인류 이익과 우호 관계 증진에 기여한 과학자들과 예술가에게 수여하는 상으로 두 교수는 올해 울프 의학상을 받았다. 이외에도 두 교수는 2015년 실리콘밸리의 노벨상으로 불리는 브레이크스루상을, 2016년 캐나다 게이드너상을 공동 수상하기도 했다.[조승한 기자 shinjsh@donga.com]▶아침마다 꼭 체크해야할 과학뉴스 구독 콕!▶거품기 싹 뺐다. 코로나 백신의 최전선▶과학·의학 콘텐츠의 바다 '동아사이언스' 가기ⓒ 동아사이언스 콘텐츠 무단 전재 및 재배포 금지
	
"
IT/과학,[현장클릭] 테슬라는 MVNO 사업자다,https://news.naver.com/main/read.nhn?mode=LSD&mid=shm&sid1=105&oid=014&aid=0004506967,"




[파이낸셜뉴스] ""테슬라가 알뜰폰 (사업을) 해요?""  최기영 과학기술정보통신부 장관이 7일 국회 과학기술정보방송통신위원회 국정감사 오후 질의가 끝나자 직원에게 물어본 말이다. 박대출 국민의힘 의원이 테슬라에게도 알뜰폰(MVNO) 사업자와 같은 혜택을 주고 있냐는 질문에 즉답을 하지 못한 것이 마음에 걸린 모양새다.   미국 전기자동차업체인 테슬라는 현재 국내에서 기간통신사업자(MVNO)로 등록돼 있다. 다만, 테슬라는 통상적으로 우리가 이야기하는 알뜰폰 사업자와는 차이가 있다.   정부는 알뜰폰 활성화를 위해 도매대가 인하, 5세대(5G) 통신 도매제공 의무화 등 다양한 카드를 쓰고 있다. 매년 반복되는 정책의 목표는 알뜰폰 활성화를 통한 통신시장 경쟁 활성화와 국민 통신비 절감에 방점이 찍혀 있다. 따라서 박 의원의 질문도 단순 알뜰폰 사업자와 테슬라를 동일하게 간주해 비슷한 혜택을 주고 있지 않냐는 의미다. 정책을 제대로 이해하지 못한 국회의원의 질문이니 그럴 수 있다.   반면, 최 장관의 반응은 정책을 직접 집행한 부처의 수장으로 이해하기 어려운 것이 사실이다. 과기정통부는 지난 4월 테슬라코리아가 기간통신사업 신고를 했다고 발표했다. 테슬라가 전기자동차를 판매하면서 고객 편의를 위해 부수적으로 기간통신역무를 이용하는 커넥티비티 서비스를 제공하는 방식이다. 이를 바탕으로 테슬라는 통신사의 인터넷망을 이용해 차량 내에서 실시간 교통정보가 반영된 위성 지도, 음악 및 비디오 스트리밍 서비스, 인터넷 브라우저 등의 서비스를 제공한다.   지난달에는 현대·기아차도 기간통신사업자 변경등록을 마쳤다. 이유는 테슬라와 동일하다. 7월말을 기준으로 테슬라는 물론 현대·기아차와 메르세데스벤츠코리아, 르노삼성, 쌍용차 등이 이동통신재판매(MVNO) 방식으로 차량제어 서비스를 제공하고 있다. 과기정통부는 향후에도 데이터를 다량으로 구매하면 도매대가를 추가로 할인하는 데이터 선구매제, 다량구매할인제 확대 등을 통해 기존 음성 이동전화 중심 알뜰폰(MVNO)이 완성차 등 데이터 전용 사업자로 사업 분야를 확장할 수 있도록 지원할 예정이다.   과기정통부는 지난해 6월 개정된 전기통신사업법 시행을 통해 자동차와 가전 등 통신이 아닌 산업분야에 종사하는 사업자가 기간통신역무가 부수적으로 포함된 상품이나 용역을 판매하는 경우 등록 대신 신고를 하도록 진입규제를 완화했다. 취임 1년이 더 지난 최 장관이 아직도 과기정통부 업무를 파악하는 중이라면 기자가 대신 대답해 줄 수 있다. 테슬라는 MVNO 사업자다.    syj@fnnews.com 서영준 기자   ▶ 헉! 소리나는 스!토리 뉴스 [헉스]▶ '아는 척'하고 싶은 당신을 위한 [두유노우]▶ 날로먹고 구워먹는 금융이슈 [파인애플]  ※ 저작권자 ⓒ 파이낸셜뉴스. 무단 전재-재배포 금지
	
"
IT/과학,‘노벨화학상’ 불발 현택환 교수 “나노과학이 이렇게 국민적 관심 받은 적 있었나”,https://news.naver.com/main/read.nhn?mode=LSD&mid=shm&sid1=105&oid=008&aid=0004481243,"




	
	[머니투데이 류준영 기자]  현택환 교수/사진=뉴시스“이번 기회에 우리나라 나노 연구 분야에 대한 정부의 관심과 투자가 더 늘어나 동료연구자나 후배들이 걱정 없이 연구할 수 있는 환경이 만들어진다면 더할 나위 없이 좋겠습니다.”7일 노벨화학상 유려 후보로 거론됐다 아쉽게 불발된 현택환 서울대 석좌교수(기초과학연구원(IBS) 나노입자연구단장)는 머니투데이와의 인터뷰에서 “많은 연구결과를 발표했지만, 이번처럼 크게 스포트라이트를 받은 적이 없었던 것 같다”면서 “(노벨화학상을)받든 안 받는 나노 과학분야에 대한 국민적 관심이 늘어난 것만으로도 제겐 큰 성과이며, 후배들 중에 저보다 훨씬 뛰어난 연구자가 나올 것”이라고 말했다. 서울대학교 화학생물공학부 현택환 석좌교수/사진=클래리베이트 애널리틱스현 교수는 앞서 매년 노벨상 수상자를 예측해온 글로벌 학술정보분석 기업 ‘클래리베이트 애널리틱스’가 올해 노벨상 수상 유력 후보로 그의 이름을 올려 수상에 대한 기대를 한몸에 받았다. 현 교수는 “1997년 서울대 교수가 되면서 미국 박사후연구원 때 공부했던 것을 버리고, 당시 새롭게 부상하던 나노과학에 뛰어든 게 20년 만에 빛을 본 셈”이라며 ""(클래리베이트 애널리틱스 발표는)노벨상 급에 들어갔다는 하나의 좋은 지표가 되는 걸로 생각한다""고 말했다. 이어 ""노벨상을 받아야 할 것 같은 대가들이 있어 솔직히 크게 기대하지는 않았다”며 “하지만 우리나라 나노 분야 과학기술력도 세계적 수준에 이르렀고, 앞으로 노벨상에 근접한 국내 과학자들이 많이 나올 것이라 생각한다”고 부연했다. 현 교수는 23년째 나노소재 제조 및 의료·에너지 분야 응용을 위한 연구를 수행해왔다. 지금까지 400편 이상의 논문을 세계적인 학술지에 게재했으며, 현재까지 5만8000회 이상 인용됐다. 기초과학연구원에 따르면 현 교수의 ‘승온법’(heat-up process) 연구는 현 교수 연구팀이 최초로 아이디어를 제시하고, 발전시킨 순수 국내 기술이다. 크기가 균일한 나노입자를 대량으로 생산할 수 있는 승온법은 전 세계 연구실 및 산업 현장에서 나노입자를 합성하는 표준방법으로 자리매김했다. 현 교수는 “기존 방식으로 나노소재를 합성하면, 입자의 크기가 저마다 다르게 생산돼 필요한 크기의 입자만 골라 사용해야 했다”면서 “2001년 온도를 서서히 올리며 반응을 시키는 승온법으로 균일한 나노입자 합성에 성공할 수 있었다”고 말했다. 현 교수는 2004년 1000분의 1의 가격으로 나노입자를 1000배 많이 생산할 수 있는 방법을 발표해 학계를 놀라게 했다. 이를 통해 균일한 나노입자를 대량 합성할 수 있게 됐다. 현재 이 기술은 첨단TV나 태양전지 등 반도체 공정부터 암 진단, 치료에 이르기까지 다양한 영역에서 사용되고 있다.현 교수는 “미국과 유럽, 일본 등 노벨상을 휩쓴 국가 대부분은 1900년대 초반부터 기초과학투자가 이뤄졌고, 우리나라는 1990년대부터 기초과학분야 투자가 이뤄졌다는 측면에서 30년이 채 되지 않은 지금 이 정도의 기술 위상을 확보했다는 건 굉장한 자부심을 가질만한 일”이라고 말했다.현 교수는 하지만 현 수준에 오래 머물러선 안 된다고 강조했다. 그는 “한국 나노 기술은 중국 등 후발국의 거센 추격에 흔들리고 있다”며 “소재·부품·장비 국산화에서 더 나아가 우리가 잘 할 수 있는 기술은 정부가 더 적극적으로 투자해 ‘퍼스트 무브’(First Move)가 돼야 할 것”이라고 강조했다. 현 교수는 앞으로의 목표를 묻는 질문에 “치매나 파킨슨병과 같은 불치병 치료에 도움이 되는 나노기술을 개발하고 싶다”고 말했다. 한편, 이날 현 교수의 선배인 이덕환 서강대 화학과 명예교수는 “현 교수가 상을 받지 않았다고 아쉬워할 이유 없다”면서 “나노 화학 분야가 굉장히 뜨거운 주제였기 때문에 아직 살아있는 후보”라고 말했다. 이어 “노벨상을 받을 수 있는 연구분야는 많다”며 “나노 분야를 선택하지 않은 게 아니라 크리스퍼 유전자 가위 부문이 먼저 받았을  뿐”이라고 덧붙였다.현 교수는 대한민국 최고과학기술인상(2016), 호암상(2012), 포스코청암상(2008)등 국내 최고 과학상을 휩쓸었다. 2011년 국제연합 교육문화기구(UNESCO)와 국제순수·응용화학연합(IUPAC)이 발표한 ‘세계100대 화학자’에 선정되기도 했다. 2010년에는 한국인 최초로 화학분야 세계적 학술지인 미국화학회지(JACS)의 부편집장으로 선임됐으며, 유수의 화학·재료·나노 분야 국제학술지에 편집위원으로 일하고 있다.류준영 기자 joon@▶부동산 투자는 [부릿지]▶조 변호사의 가정상담소▶줄리아 투자노트 <저작권자 ⓒ '돈이 보이는 리얼타임 뉴스' 머니투데이, 무단전재 및 재배포 금지>
	
"
IT/과학,노벨화학상 2인…크리스퍼 유전자가위로 생명과학 새시대 열어,https://news.naver.com/main/read.nhn?mode=LSD&mid=shm&sid1=105&oid=001&aid=0011928378,"




프랑스 샤르팡티에·미국 다우드나, 유전자 정밀교정 가능한 크리스퍼/카스9 개발 노벨위원회 ""유전자가위 오용 가능성 상존…규제 필요""노벨 화학상에 에마뉘엘 샤르팡티에(왼쪽)와 제니퍼 다우드나 공동수상[노벨상 유튜브 캡처. 재판매 및 DB 금지](서울=연합뉴스) 이주영 정윤주 기자 = 올해 노벨화학상은 유전자를 정밀하게 교정 또는 편집할 수 있는 유전자가위 기술인 '크리스퍼/카스9'(CRISPR/Cas9)을 개발, 생명과학에 새 시대를 연 프랑스와 미국 여성 과학자에게 돌아갔다.     스웨덴 왕립과학원 노벨위원회는 7일 올해 노벨화학상 수상자로 '유전체 편집 기법을 개발'한 프랑스의 에마뉘엘 샤르팡티에 교수와 미국의 제니퍼 A.다우드나 교수를 선정했다고 발표했다.    유전자가위는 생명정보가 담긴 기본 단위인 유전체 염기서열 가운데 특정 부분을 잘라내거나 붙일 수 있는 기술로 크리스퍼/카스9은 3세대 유전자가위 기술로 분류된다.     이 기술은 1세대인 '징크핑거'(zinc finger)나 2세대인 '탈렌'(TALEN)보다 저렴하고 간편할 뿐 아니라 선택성과 정확성이 뛰어나 동·식물의 유전자 편집은 물론 인간 질병 치료에도 활용될 가능성이 큰 것으로 기대를 모으고 있다.     노벨위원회는 ""이 기술이 생명과학에 혁명적 영향을 미쳤으며, 새로운 암 치료법 개발에 기여하고 유전질환 치료의 꿈을 실현해 줄 수 있을 것""이라고 평가했다.    크리스퍼/카스9은 유전체의 긴 염기 사슬에서 잘라야 할 특정 위치를 찾아가는 가이드 역할의 '크리스퍼'와 실제로 그 위치를 자르는 효소인 '카스9'으로 구성된다.    이 같은 생명공학의 혁명적 도구 개발 역시 우연한 발견에서 시작됐다.     샤르팡티에 교수는 2011년 화농연쇄상구균(Streptococcus pyogenes)을 연구하던 중 이 박테리아의 면역시스템에서 바이러스의 DNA를 자르는 물질(tracrRNA)을 발견해 보고했다. 바로 크리스퍼 부분으로 박테리아가 바이러스와 싸우기 위해 가지고 있던 면역체계의 일부인 셈이다.     그는 이 발견 뒤 바로 RNA에 대해 해박한 지식을 가진 생화학자인 미국의 다우드나 교수와 공동연구를 시작해 다음 해인 2012년 크리스퍼/카스9을 개발하는 데 성공했다.     크리스퍼/카스9이 공개된 뒤 이 기술의 폭발적 잠재력을 알아본 전 세계 연구자들이 연구에 뛰어들면서 이전까지는 상상조차 어려웠던 동·식물 유전자 교정·편집 성과와 함께 놀라운 발견들이 쏟아지기 시작했다.    이들의 뒤를 이은 연구자 중 선두그룹에 김진수 서울대 화학과 교수도 있다. 2세대 유전자가위 기술 '탈렌'의 권위자이기도 한 김 교수는 일찌감치 크리스퍼/카스9 연구를 시작해 이를 동·식물은 물론 질병 치료에 활용하는 연구에서 가장 앞선 연구자 중 한명으로 꼽힌다.    이덕환 서강대 화학과 명예교수는 ""유전자가위 연구에서 서울대 김진수 교수의 업적도 올해 수상자 두 분에 비해 결코 작다고 할 수 없다""며 아쉬움을 표했다.     김학중 고려대 화학과 교수는 ""(크리스퍼/카스9을) 인류를 위해 사용하는 측면에서 보면 김진수 교수 등도 수상자에 포함돼야 하는 것 아니냐는 의견에 동의한다""며 노벨위원회는 두 수상자가 크리스퍼/카스9을 개발하고 박테리아에서 시연함으로써 기초과학을 기술로 연결한 것을 중요하게 본 것 같다고 말했다.    유전자가위 기술은 크리스퍼/카스9의 등장으로 인류의 삶에 직접 기여할 수 있는 단계에 이른 것으로 평가된다. 이를 동·식물에 적용하면 수확량이 많은 식량 작물이나 가축 품종을 개발하고, 병충해 또는 가뭄 등에 강한 품종도 만들 수 있을 것으로 기대된다.     특히 크리스퍼/카스9을 인류 질병 치료 등 의학 분야에 활용하는 것이 기대를 모은다.     현재 크리스퍼/카스9 기술을 적용한 새로운 암 치료법의 임상시험이 진행되고 있고, 유전자 변이로 발생하는 각종 질환의 예방과 치료에도 이 기술을 활용할 수 있을 것으로 기대되고 있다.     그러나 크리스퍼/카스9을 사람에게 직접 적용하기 위해서는 선택성과 정확성을 높여 오류나 부작용 가능성을 더 줄이는 기술적 측면의 발전과 함께 '유전자 조작'에 관한 사회적, 윤리적 논란을 먼저 해결해야 한다는 지적도 많다.    노벨위원회는 유전자가위는 인류에 많은 혜택을 줄 수 있지만 동시에 '유전자 조작 아기'를 만드는 것과 같이 오용 가능성도 상존한다면서 유전자가위의 힘을 이용하는 데에는 규제가 필요하다고 지적했다.     실제로 지난 2018년에 중국 과학자 허젠쿠이(賀建奎)는 에이즈(AIDS·후천성면역결핍증) 바이러스에 면역력이 있도록 유전자를 편집해 쌍둥이 여자아이를 탄생시켰다고 발표, 인간 배아에 대한 유전자 편집 기술 적용 문제가 세계적인 논란거리가 됐다.    허젠쿠이는 지난해 말 중국 법원에서 불법 의료 행위죄로 징역 3년과 벌금 300만위안(약 5억원)의 선고를 받았다.    이와 관련, 중국에서 '유전자 편집 아기' 출산 발표를 계기로 미국의 국립의학원(NAM), 국립과학원(NAS), 영국의 학술단체 왕립협회 후원으로 꾸려진 한 국제위원회는 최근 유전자 편집 기술이 충분히 발달하지 않아 이를 인간의 배아에 적용하는 것은 안전하지 않다는 연구보고서를 내놓았다.    현재의 유전자 편집 기술 수준은 예상치 못한 결과를 초래할 우려를 배제할 수 없기 때문이다.    이 위원회는 유전자 편집 기술의 위험성이 덜해지더라도 인간의 난자나 정자, 배아에 이 기술을 적용하면 해당 유전자 변형이 미래 세대에 유전될 수 있는 만큼 이에 따른 윤리적 문제도 사회적인 논의가 필요하다고 강조했다.    scitech@yna.co.kr▶코로나19 속보는 네이버 연합뉴스[구독 클릭]▶[팩트체크]'트럼프 비타민' 코로나에 효과?▶제보하기

"
IT/과학,"""받을 학자가 받았다…경사스러운 일""…노벨상 수상자와 특허 경쟁한 김진수 IBS 단장",https://news.naver.com/main/read.nhn?mode=LSD&mid=shm&sid1=105&oid=469&aid=0000542159,"




화학상 다우드나 교수와 8년간 특허 경쟁 ""유전자 가위 기술 경쟁자지만 기쁜 일향후 분쟁 가능성 남아...미국 특허청 심사 중앞으로 이 분야 노벨상 더  나올 수 있을 것""김진수 기초과학연구원(IBS) 유전체교정연구단장. IBS 제공올해 노벨화학상이 돌아간 ‘유전자 가위’ 기술의 세계적인 권위자로 꼽히는 김진수 기초과학연구원(IBS) 유전체교정연구단장은 이번 수상 기회를 놓친 데 대해 “받을 학자가 받았고, 난 기대도 안 했다”며 웃음 지었다.7일 스웨덴 왕립과학원 노벨위원회가 노벨화학상 수상자로 에마뉘엘 샤르팡티에 독일 막스플랑크연구소 박사와 제니퍼 다우드나 미국 버클리 캘리포니아대 교수를 지명한 직후 한국일보와의 통화에서 김 단장은 “노벨상을 계기로 유전자 가위 기술에 대한 관심이 높아져 학자들뿐 아니라 기업들도 많이 활용해 좋은 성과를 낼 수 있게 되길 바란다”고 밝혔다.다우드나 교수는 김 단장과 8년여 전부터 유전자 가위 기술 특허를 놓고 치열하게 경쟁해온 과학자다. 이에 대해 김 단장은 “경쟁자라도 유전자 가위 분야에서 노벨상 수상자가 나온 건 기쁜 일”이라며 “많은 이들이 노력해서 이 분야를 발전시켰고, 두 명이 대표로 상을 받은 거라고 생각한다”고 말했다.올해 노벨상이 돌아간 ‘크리스퍼(CRISPR)-카스(Cas)9’ 기술은 3세대 유전자 가위로 분류된다. 이 기술은 유전자에서 원하는 부분을 마치 가위처럼 자유롭게 잘라낼 수 있어 유전자 가위라고 불린다. 이번 노벨화학상 수상자들은 기존 1, 2세대보다 더 정확한 3세대 유전자 가위인 크리스퍼-카스9의 원천기술을 개발한 업적을 인정받았다.김 단장은 수상자들이 세균 세포에서 확립한 원천기술을 사람을 비롯한 동식물 세포에도 적용할 수 있도록 확장시켰고, 2012년 미국에서 특허를 출원했다. 그런데 공교롭게도 비슷한 시기 다우드나 교수의 버클리 캘리포니아대 연구진과 미국 하버드대·매사추세츠공대(MIT) 공동연구진(브로드연구소) 역시 크리스퍼-카스9 특허를 출원했다.이후 8년 간 경쟁 끝에 올해 김 단장의 특허를 마지막으로 결국 세 연구진의 특허가 모두 미국에 등록됐다. 이 과정에서 미국의 두 연구진 사이엔 법적 분쟁이 벌어지기도 했다. 김 단장은 “우리 특허가 미국 연구진들의 특허에 저촉 대상이 되는지 여부를 놓고 현재 심사가 진행 중”이라고 전했다. 다우드나 교수 연구진과 향후 있을 지 모를 특허 분쟁에 대해선 “노벨상과 법리적 다툼이 관련이 있을지는 잘 모르겠다”며 그는 말을 아꼈다.유전자 가위 기술은 현재 세계 수많은 연구진이 새로운 치료제 개발 등 다양한 연구에 앞다퉈 활용하고 있다. 김 단장은 앞으로 유전자 가위가 패러다임을 바꿔놓을 대표적인 분야로 장기 이식을 꼽았다. “돼지 유전자를 이 기술로 편집해 사람에게 이식이 가능한 장기를 생산하도록 만들 수 있다”는 것이다.“이번 수상에서 빠진 건 전혀 아쉽지 않다. 앞으로 유전자 가위 기술이 응용되고 확장될수록 이 분야에서 노벨상 수상자는 더 배출될 수 있을 것”이라고 김 단장은 내다봤다.한편 김 단장은 정부 연구비를 지원 받아 개발한 유전자 가위 기술을 자신이 설립한 바이오기업 툴젠으로 이전하면서 적법한 절차를 지키지 않았다는 혐의로 기소돼 현재 재판이 진행 중이다.임소형 기자 precare@hankookilbo.com▶ 네이버 채널에서 한국일보를 구독하세요!▶ [정치채널X] [뉴스보야쥬] [넷따잡] [뷰잉] 영상보기▶ 한국일보닷컴 바로가기

"
